key_0,request_id,unique_key,created_date,closed_date,complaint_type_id,borough_id,descriptor,location_type,incident_zip,latitude,longitude,status,borough_name,complaint_type,category,full_date,date_id,year,month,day_of_week,is_weekend
2026-08-10,1,70008113,2026-08-10 01:50:57,,1,1,Driver Complaint - Non Passenger,Street,11109,40.74723910773346,-73.9563779030925,In Progress,Queens,For Hire Vehicle Complaint,Vehicle,2026-08-10,1,2026,8,Monday,False
2026-08-10,2,70006349,2026-08-10 01:50:24,,2,2,Fire Hydrant Emergency,Sidewalk,10027,,,In Progress,Manhattan,Water Maintenance,Infrastructure,2026-08-10,1,2026,8,Monday,False
2026-08-10,3,70007273,2026-08-10 01:50:00,,3,1,Loud Music/Party,Residential Building/House,11368,40.738832527923456,-73.86275581250639,In Progress,Queens,Noise - Residential,Noise,2026-08-10,1,2026,8,Monday,False
2026-08-10,4,70006536,2026-08-10 01:49:25,,4,3,No Access,Street/Sidewalk,10467,40.87859292486238,-73.86894383282724,In Progress,Bronx,Blocked Driveway,Parking,2026-08-10,1,2026,8,Monday,False
2026-08-10,5,70005996,2026-08-10 01:49:24,,3,1,Loud Music/Party,Residential Building/House,11369,40.76391754539985,-73.87549044798345,In Progress,Queens,Noise - Residential,Noise,2026-08-10,1,2026,8,Monday,False
2026-08-10,6,70006113,2026-08-10 01:49:09,,5,2,Loud Music/Party,Club/Bar/Restaurant,10034,40.86939583069894,-73.91661611865678,In Progress,Manhattan,Noise - Commercial,Noise,2026-08-10,1,2026,8,Monday,False
2026-08-10,7,70005927,2026-08-10 01:48:59,,6,1,Blocked Bike Lane,Street/Sidewalk,11109,40.74723910773346,-73.9563779030925,In Progress,Queens,Illegal Parking,Parking,2026-08-10,1,2026,8,Monday,False
2026-08-10,8,70006066,2026-08-10 01:48:20,,5,2,Loud Music/Party,Store/Commercial,10029,40.79904275099518,-73.94259015149593,In Progress,Manhattan,Noise - Commercial,Noise,2026-08-10,1,2026,8,Monday,False
2026-08-10,9,70013742,2026-08-10 01:47:47,,6,1,Blocked Bike Lane,Street/Sidewalk,11101,40.74679285370747,-73.95232891346055,In Progress,Queens,Illegal Parking,Parking,2026-08-10,1,2026,8,Monday,False
2026-08-10,10,70011757,2026-08-10 01:47:39,,3,3,Loud Music/Party,Residential Building/House,10460,40.84477394812298,-73.88558204647576,In Progress,Bronx,Noise - Residential,Noise,2026-08-10,1,2026,8,Monday,False
2026-08-10,11,70011234,2026-08-10 01:47:22,,3,2,Loud Music/Party,Residential Building/House,10001,40.7470159105558,-73.98561092816436,In Progress,Manhattan,Noise - Residential,Noise,2026-08-10,1,2026,8,Monday,False
2026-08-10,12,70007723,2026-08-10 01:47:11,,7,3,Alarm,Commercial/Mixed Use Building,10462,40.854761951044026,-73.86293230534444,In Progress,Bronx,Noise,Noise,2026-08-10,1,2026,8,Monday,False
2026-08-10,13,70009218,2026-08-10 01:46:54,,6,4,Posted Parking Sign Violation,Street/Sidewalk,11219,40.64165599431851,-73.99405816058862,In Progress,Brooklyn,Illegal Parking,Parking,2026-08-10,1,2026,8,Monday,False
2026-08-10,14,70009398,2026-08-10 01:46:40,,1,1,Driver Complaint - Non Passenger,Street,11101,40.74679285370747,-73.95232891346055,In Progress,Queens,For Hire Vehicle Complaint,Vehicle,2026-08-10,1,2026,8,Monday,False
2026-08-10,15,70007654,2026-08-10 01:46:27,,2,2,Fire Hydrant Emergency,Sidewalk,10027,40.81305085910166,-73.94627734861524,In Progress,Manhattan,Water Maintenance,Infrastructure,2026-08-10,1,2026,8,Monday,False
2026-08-10,16,70010542,2026-08-10 01:45:43,,6,4,Overnight Commercial Storage,Street/Sidewalk,11219,40.62571166171605,-73.99823480547494,In Progress,Brooklyn,Illegal Parking,Parking,2026-08-10,1,2026,8,Monday,False
2026-08-10,17,70011233,2026-08-10 01:45:30,,8,2,Loud Music/Party,Street/Sidewalk,10001,40.7470159105558,-73.98561092816436,In Progress,Manhattan,Noise - Street/Sidewalk,Noise,2026-08-10,1,2026,8,Monday,False
2026-08-10,18,70011653,2026-08-10 01:45:28,,7,3,Alarm,Commercial/Mixed Use Building,10462,40.854414320698965,-73.86373189897043,In Progress,Bronx,Noise,Noise,2026-08-10,1,2026,8,Monday,False
2026-08-10,19,70013947,2026-08-10 01:44:46,2026-08-10 01:49:25,3,2,Loud Music/Party,Residential Building/House,10034,40.86313957727614,-73.92294712351027,Closed,Manhattan,Noise - Residential,Noise,2026-08-10,1,2026,8,Monday,False
2026-08-10,20,70005843,2026-08-10 01:44:40,,3,3,Banging/Pounding,Residential Building/House,10473,40.81869187096104,-73.85044458325993,In Progress,Bronx,Noise - Residential,Noise,2026-08-10,1,2026,8,Monday,False
2026-08-10,21,70013675,2026-08-10 01:44:27,,4,1,Partial Access,Street/Sidewalk,11419,40.68787283495412,-73.83335803267794,In Progress,Queens,Blocked Driveway,Parking,2026-08-10,1,2026,8,Monday,False
2026-08-10,22,70009379,2026-08-10 01:44:18,,6,4,Blocked Bike Lane,Street/Sidewalk,11222,40.73494301833083,-73.95743958931382,In Progress,Brooklyn,Illegal Parking,Parking,2026-08-10,1,2026,8,Monday,False
2026-08-10,23,70013032,2026-08-10 01:44:15,,6,3,Blocked Hydrant,Street/Sidewalk,10461,40.849732829842935,-73.83125368266671,In Progress,Bronx,Illegal Parking,Parking,2026-08-10,1,2026,8,Monday,False
2026-08-10,24,70006109,2026-08-10 01:44:08,,8,2,Loud Music/Party,Street/Sidewalk,10040,40.861870823878704,-73.9260685381408,In Progress,Manhattan,Noise - Street/Sidewalk,Noise,2026-08-10,1,2026,8,Monday,False
2026-08-10,25,70009220,2026-08-10 01:43:50,,4,4,No Access,Street/Sidewalk,11219,40.63825259577264,-74.0020033318467,In Progress,Brooklyn,Blocked Driveway,Parking,2026-08-10,1,2026,8,Monday,False
2026-08-10,26,70008610,2026-08-10 01:43:25,,8,2,Loud Music/Party,Street/Sidewalk,10016,40.746840259656935,-73.98571562674624,In Progress,Manhattan,Noise - Street/Sidewalk,Noise,2026-08-10,1,2026,8,Monday,False
2026-08-10,27,70009120,2026-08-10 01:43:06,,8,3,Loud Music/Party,Street/Sidewalk,10462,40.8499974112431,-73.86786880816999,In Progress,Bronx,Noise - Street/Sidewalk,Noise,2026-08-10,1,2026,8,Monday,False
2026-08-10,28,70011699,2026-08-10 01:42:01,,6,3,Blocked Hydrant,Street/Sidewalk,10461,40.85068512402149,-73.83117174491237,In Progress,Bronx,Illegal Parking,Parking,2026-08-10,1,2026,8,Monday,False
2026-08-10,29,70004212,2026-08-10 01:41:56,,6,4,Blocked Bike Lane,Street/Sidewalk,11222,40.73068111897057,-73.95939069232946,In Progress,Brooklyn,Illegal Parking,Parking,2026-08-10,1,2026,8,Monday,False
2026-08-10,30,70011126,2026-08-10 01:41:51,,4,1,No Access,Street/Sidewalk,11432,40.71324634490624,-73.79633907014917,In Progress,Queens,Blocked Driveway,Parking,2026-08-10,1,2026,8,Monday,False
2026-08-10,31,70005570,2026-08-10 01:41:06,,9,1,Car Service Company Report,,11374,40.7262514091044,-73.8566952337213,In Progress,Queens,For Hire Vehicle Report,Vehicle,2026-08-10,1,2026,8,Monday,False
2026-08-10,32,70008531,2026-08-10 01:36:42,,6,1,Commercial Overnight Parking,Street/Sidewalk,11374,40.7262514091044,-73.8566952337213,In Progress,Queens,Illegal Parking,Parking,2026-08-10,1,2026,8,Monday,False
2026-08-10,33,70011546,2026-08-10 00:50:05,,10,1,Lead Kit,Residential Building,11419,40.69234046667917,-73.81313859020266,In Progress,Queens,Lead,Other,2026-08-10,1,2026,8,Monday,False
2026-08-10,34,70004823,2026-08-10 01:40:20,2026-08-10 01:41:25,6,2,Blocked Sidewalk,Street/Sidewalk,10040,40.86205543584159,-73.92719628819097,Closed,Manhattan,Illegal Parking,Parking,2026-08-10,1,2026,8,Monday,False
2026-08-10,35,70013893,2026-08-10 01:40:11,,3,2,Loud Music/Party,Residential Building/House,10031,40.82500173550564,-73.94707706298178,In Progress,Manhattan,Noise - Residential,Noise,2026-08-10,1,2026,8,Monday,False
2026-08-10,36,70012523,2026-08-10 01:39:58,,8,1,Loud Music/Party,Street/Sidewalk,11369,40.76730008834117,-73.88436857976536,In Progress,Queens,Noise - Street/Sidewalk,Noise,2026-08-10,1,2026,8,Monday,False
2026-08-10,37,70009397,2026-08-10 01:39:50,,1,4,Driver Complaint - Non Passenger,Street,11211,40.71405623639831,-73.9525290804181,In Progress,Brooklyn,For Hire Vehicle Complaint,Vehicle,2026-08-10,1,2026,8,Monday,False
2026-08-10,38,70012649,2026-08-10 01:39:04,2026-08-10 01:40:14,8,2,Loud Music/Party,Street/Sidewalk,10040,40.861870823878704,-73.9260685381408,Closed,Manhattan,Noise - Street/Sidewalk,Noise,2026-08-10,1,2026,8,Monday,False
2026-08-10,39,70011098,2026-08-10 01:38:49,,3,1,Loud Music/Party,Residential Building/House,11420,40.67447621867005,-73.80739888339593,In Progress,Queens,Noise - Residential,Noise,2026-08-10,1,2026,8,Monday,False
2026-08-10,40,70008541,2026-08-10 01:38:48,,3,1,Loud Music/Party,Residential Building/House,11434,40.67880544471437,-73.78902090367177,In Progress,Queens,Noise - Residential,Noise,2026-08-10,1,2026,8,Monday,False
2026-08-10,41,70005533,2026-08-10 01:37:42,,6,4,Blocked Bike Lane,Street/Sidewalk,11206,40.70785817289835,-73.94545680010864,In Progress,Brooklyn,Illegal Parking,Parking,2026-08-10,1,2026,8,Monday,False
2026-08-10,42,70013187,2026-08-10 01:37:39,,3,4,Loud Music/Party,Residential Building/House,11203,40.65051772134013,-73.93125073500806,In Progress,Brooklyn,Noise - Residential,Noise,2026-08-10,1,2026,8,Monday,False
2026-08-10,43,70006492,2026-08-10 01:37:32,,4,3,No Access,Street/Sidewalk,10461,40.84548045571873,-73.82699592715447,In Progress,Bronx,Blocked Driveway,Parking,2026-08-10,1,2026,8,Monday,False
2026-08-10,44,70011942,2026-08-10 01:37:32,,3,4,Loud Music/Party,Residential Building/House,11208,40.667133987764025,-73.87761764015293,In Progress,Brooklyn,Noise - Residential,Noise,2026-08-10,1,2026,8,Monday,False
2026-08-10,45,70013210,2026-08-10 01:37:13,,8,2,Loud Talking,Street/Sidewalk,10002,40.71854412310269,-73.98237036508074,In Progress,Manhattan,Noise - Street/Sidewalk,Noise,2026-08-10,1,2026,8,Monday,False
2026-08-10,46,70004575,2026-08-10 01:37:00,,5,1,Loud Music/Party,Club/Bar/Restaurant,11385,40.7060624863299,-73.91317397090971,In Progress,Queens,Noise - Commercial,Noise,2026-08-10,1,2026,8,Monday,False
2026-08-10,47,70004616,2026-08-10 01:37:00,,3,1,Loud Music/Party,Residential Building/House,11365,40.73410221047962,-73.80492443747828,In Progress,Queens,Noise - Residential,Noise,2026-08-10,1,2026,8,Monday,False
2026-08-10,48,70005324,2026-08-10 01:36:50,,3,4,Loud Talking,Residential Building/House,11235,40.59113055874913,-73.95105741875857,In Progress,Brooklyn,Noise - Residential,Noise,2026-08-10,1,2026,8,Monday,False
2026-08-10,49,70009954,2026-08-10 01:36:01,,6,2,Posted Parking Sign Violation,Street/Sidewalk,10032,40.83614649255885,-73.93847088918191,In Progress,Manhattan,Illegal Parking,Parking,2026-08-10,1,2026,8,Monday,False
2026-08-10,50,70012034,2026-08-10 01:35:22,,6,4,Blocked Bike Lane,Street/Sidewalk,11206,40.70375147288695,-73.94434570353222,In Progress,Brooklyn,Illegal Parking,Parking,2026-08-10,1,2026,8,Monday,False
2026-08-10,51,70003847,2026-08-10 01:35:21,,5,3,Loud Music/Party,Store/Commercial,10465,40.84474056330526,-73.81536339866841,In Progress,Bronx,Noise - Commercial,Noise,2026-08-10,1,2026,8,Monday,False
2026-08-10,52,70009248,2026-08-10 01:34:37,,3,4,Loud Music/Party,Residential Building/House,11236,40.639826653887006,-73.88340762560922,In Progress,Brooklyn,Noise - Residential,Noise,2026-08-10,1,2026,8,Monday,False
2026-08-10,53,70013274,2026-08-10 01:34:27,2026-08-10 01:45:46,6,4,Blocked Hydrant,Street/Sidewalk,11207,40.67980432542783,-73.8917526486151,Closed,Brooklyn,Illegal Parking,Parking,2026-08-10,1,2026,8,Monday,False
2026-08-10,54,70013345,2026-08-10 01:33:39,,6,4,Blocked Bike Lane,Street/Sidewalk,11206,40.70375147288695,-73.94434570353222,In Progress,Brooklyn,Illegal Parking,Parking,2026-08-10,1,2026,8,Monday,False
2026-08-10,55,70004068,2026-08-10 01:33:37,,3,4,Loud Music/Party,Residential Building/House,11226,40.64298059595477,-73.96053228551497,In Progress,Brooklyn,Noise - Residential,Noise,2026-08-10,1,2026,8,Monday,False
2026-08-10,56,70010557,2026-08-10 01:33:33,,8,4,Loud Music/Party,Street/Sidewalk,11226,40.65395429797078,-73.96069878377155,In Progress,Brooklyn,Noise - Street/Sidewalk,Noise,2026-08-10,1,2026,8,Monday,False
2026-08-10,57,70011662,2026-08-10 01:33:26,,3,3,Loud Music/Party,Residential Building/House,10472,40.829108966230166,-73.87930712181698,In Progress,Bronx,Noise - Residential,Noise,2026-08-10,1,2026,8,Monday,False
2026-08-10,58,70011980,2026-08-10 01:33:10,,3,4,Loud Television,Residential Building/House,11221,40.68757698683151,-73.92567404582309,In Progress,Brooklyn,Noise - Residential,Noise,2026-08-10,1,2026,8,Monday,False
2026-08-10,59,70011879,2026-08-10 01:33:02,,4,4,No Access,Street/Sidewalk,11226,40.6388598332972,-73.95119536295904,In Progress,Brooklyn,Blocked Driveway,Parking,2026-08-10,1,2026,8,Monday,False
2026-08-10,60,70010558,2026-08-10 01:32:59,,4,4,No Access,Street/Sidewalk,11230,40.61452187987664,-73.95843843662982,In Progress,Brooklyn,Blocked Driveway,Parking,2026-08-10,1,2026,8,Monday,False
2026-08-10,61,70006243,2026-08-10 01:32:50,,11,4,St Name - Attached To Pole,Street,11218,40.6432680389921,-73.97832563501309,In Progress,Brooklyn,Street Sign - Missing,Transportation,2026-08-10,1,2026,8,Monday,False
2026-08-10,62,70012586,2026-08-10 01:32:50,,8,2,Loud Talking,Street/Sidewalk,10029,40.8002326102148,-73.94545696051279,In Progress,Manhattan,Noise - Street/Sidewalk,Noise,2026-08-10,1,2026,8,Monday,False
2026-08-10,63,70006707,2026-08-10 01:32:32,,5,2,Banging/Pounding,Club/Bar/Restaurant,10002,40.71839400517128,-73.98920651756731,In Progress,Manhattan,Noise - Commercial,Noise,2026-08-10,1,2026,8,Monday,False
2026-08-10,64,70012033,2026-08-10 01:32:25,,6,4,Blocked Bike Lane,Street/Sidewalk,11206,40.70933278009095,-73.946887555689,In Progress,Brooklyn,Illegal Parking,Parking,2026-08-10,1,2026,8,Monday,False
2026-08-10,65,70013696,2026-08-10 01:32:17,,3,1,Loud Music/Party,Residential Building/House,11385,40.70607777200031,-73.9014771542325,In Progress,Queens,Noise - Residential,Noise,2026-08-10,1,2026,8,Monday,False
2026-08-10,66,70004578,2026-08-10 01:32:08,,4,1,Partial Access,Street/Sidewalk,11385,40.70522170806214,-73.90183187964534,In Progress,Queens,Blocked Driveway,Parking,2026-08-10,1,2026,8,Monday,False
2026-08-10,67,70013829,2026-08-10 01:32:07,,8,1,Loud Talking,Street/Sidewalk,11372,40.75233709022047,-73.8914037909877,In Progress,Queens,Noise - Street/Sidewalk,Noise,2026-08-10,1,2026,8,Monday,False
2026-08-10,68,70009918,2026-08-10 01:31:40,,8,2,Loud Music/Party,Street/Sidewalk,10029,40.79312109712619,-73.94562530427025,In Progress,Manhattan,Noise - Street/Sidewalk,Noise,2026-08-10,1,2026,8,Monday,False
2026-08-10,69,70005159,2026-08-10 01:31:35,,6,3,Blocked Hydrant,Street/Sidewalk,10472,40.83342849023004,-73.86865697421297,In Progress,Bronx,Illegal Parking,Parking,2026-08-10,1,2026,8,Monday,False
2026-08-10,70,70009685,2026-08-10 01:31:25,,3,1,Loud Television,Residential Building/House,11101,40.75773331739229,-73.94589242432106,In Progress,Queens,Noise - Residential,Noise,2026-08-10,1,2026,8,Monday,False
2026-08-10,71,70004159,2026-08-10 01:31:08,2026-08-10 01:39:46,6,4,Blocked Bike Lane,Street/Sidewalk,11205,40.69818222739423,-73.95687161459789,Closed,Brooklyn,Illegal Parking,Parking,2026-08-10,1,2026,8,Monday,False
2026-08-10,72,70013254,2026-08-10 01:30:58,,3,4,Loud Music/Party,Residential Building/House,11208,40.66710377223104,-73.87759606753109,In Progress,Brooklyn,Noise - Residential,Noise,2026-08-10,1,2026,8,Monday,False
2026-08-10,73,70006619,2026-08-10 01:30:38,,12,3,With License Plate,Street/Sidewalk,10458,40.86703920159386,-73.88860969283401,In Progress,Bronx,Abandoned Vehicle,Vehicle,2026-08-10,1,2026,8,Monday,False
2026-08-10,74,70004038,2026-08-10 01:30:21,,6,4,Double Parked Blocking Vehicle,Street/Sidewalk,11226,40.64487455187784,-73.94701093478726,In Progress,Brooklyn,Illegal Parking,Parking,2026-08-10,1,2026,8,Monday,False
2026-08-10,75,70013879,2026-08-10 01:29:51,,13,2,In Public,Street/Sidewalk,10029,40.8001391850586,-73.94523671250363,In Progress,Manhattan,Drinking,Other,2026-08-10,1,2026,8,Monday,False
2026-08-10,76,70010635,2026-08-10 01:29:50,2026-08-10 01:37:41,6,4,Blocked Bike Lane,Street/Sidewalk,11205,40.6972983379921,-73.9566738395295,Closed,Brooklyn,Illegal Parking,Parking,2026-08-10,1,2026,8,Monday,False
2026-08-10,77,70006331,2026-08-10 01:29:12,,14,1,Catch Basin Search,Sewer,11378,40.72842445604527,-73.89104227230678,In Progress,Queens,Sewer Maintenance,Other,2026-08-10,1,2026,8,Monday,False
2026-08-10,78,70013093,2026-08-10 01:28:22,,8,3,Loud Music/Party,Street/Sidewalk,10462,40.85272673247533,-73.86881767686059,In Progress,Bronx,Noise - Street/Sidewalk,Noise,2026-08-10,1,2026,8,Monday,False
2026-08-10,79,70004158,2026-08-10 01:27:58,2026-08-10 01:37:22,6,4,Blocked Bike Lane,Street/Sidewalk,11205,40.6972983379921,-73.9566738395295,Closed,Brooklyn,Illegal Parking,Parking,2026-08-10,1,2026,8,Monday,False
2026-08-10,80,70010310,2026-08-10 01:27:27,,3,3,Banging/Pounding,Residential Building/House,10473,40.80631912749592,-73.85295036524472,In Progress,Bronx,Noise - Residential,Noise,2026-08-10,1,2026,8,Monday,False
2026-08-10,81,70006848,2026-08-10 01:27:17,,8,4,Loud Music/Party,Street/Sidewalk,11211,40.707802364159264,-73.95616565678144,In Progress,Brooklyn,Noise - Street/Sidewalk,Noise,2026-08-10,1,2026,8,Monday,False
2026-08-10,82,70010763,2026-08-10 01:27:02,,15,4,Broken Sidewalk,Sidewalk,11208,40.672234477985015,-73.87570126029912,In Progress,Brooklyn,Sidewalk Condition,Transportation,2026-08-10,1,2026,8,Monday,False
2026-08-10,83,70011785,2026-08-10 01:26:52,,16,2,Unknown,Store/Commercial,10002,40.71198809850302,-73.99430799519259,In Progress,Manhattan,Encampment,Other,2026-08-10,1,2026,8,Monday,False
2026-08-10,84,70013292,2026-08-10 01:26:18,2026-08-10 01:37:22,6,4,Blocked Bike Lane,Street/Sidewalk,11205,40.6972983379921,-73.9566738395295,Closed,Brooklyn,Illegal Parking,Parking,2026-08-10,1,2026,8,Monday,False
2026-08-10,85,70013022,2026-08-10 01:26:07,,5,3,Loud Music/Party,Store/Commercial,10452,40.833363492535206,-73.92914654964345,In Progress,Bronx,Noise - Commercial,Noise,2026-08-10,1,2026,8,Monday,False
2026-08-10,86,70007372,2026-08-10 01:25:56,,3,2,Loud Television,Residential Building/House,10036,40.760921140478935,-73.98871591951574,In Progress,Manhattan,Noise - Residential,Noise,2026-08-10,1,2026,8,Monday,False
2026-08-10,87,70012648,2026-08-10 01:25:38,2026-08-10 01:36:13,8,2,Loud Music/Party,Street/Sidewalk,10040,40.85462115652687,-73.9289865404921,Closed,Manhattan,Noise - Street/Sidewalk,Noise,2026-08-10,1,2026,8,Monday,False
2026-08-10,88,70012474,2026-08-10 01:25:36,,3,1,Loud Music/Party,Residential Building/House,11368,40.741263962949205,-73.8513617769851,In Progress,Queens,Noise - Residential,Noise,2026-08-10,1,2026,8,Monday,False
2026-08-10,89,70003910,2026-08-10 01:25:25,,8,3,Loud Music/Party,Street/Sidewalk,10462,40.851589263063005,-73.86780058180118,In Progress,Bronx,Noise - Street/Sidewalk,Noise,2026-08-10,1,2026,8,Monday,False
2026-08-10,90,70013903,2026-08-10 01:25:06,,8,2,Loud Talking,Street/Sidewalk,10027,40.811873852260725,-73.9473150904418,In Progress,Manhattan,Noise - Street/Sidewalk,Noise,2026-08-10,1,2026,8,Monday,False
2026-08-10,91,70006177,2026-08-10 01:24:42,,17,2,Blocking Sidewalk Or Street,Sidewalk,10040,40.854026343505424,-73.93027766086075,In Progress,Manhattan,Dumpster Complaint,Other,2026-08-10,1,2026,8,Monday,False
2026-08-10,92,70008618,2026-08-10 01:24:39,,8,2,Loud Music/Party,Street/Sidewalk,10036,40.76229378112288,-73.99191760177524,In Progress,Manhattan,Noise - Street/Sidewalk,Noise,2026-08-10,1,2026,8,Monday,False
2026-08-10,93,70010261,2026-08-10 01:24:25,2026-08-10 01:35:11,2,3,Fire Hydrant Emergency,Sidewalk,10451,40.82979012270764,-73.92107420870009,Closed,Bronx,Water Maintenance,Infrastructure,2026-08-10,1,2026,8,Monday,False
2026-08-10,94,70010556,2026-08-10 01:24:24,,18,4,Car/Truck Music,Street/Sidewalk,11226,40.65363313018957,-73.96061608221525,In Progress,Brooklyn,Noise - Vehicle,Noise,2026-08-10,1,2026,8,Monday,False
2026-08-10,95,70008033,2026-08-10 01:24:17,2026-08-10 01:26:20,6,4,Blocked Bike Lane,Street/Sidewalk,11205,40.69560743326596,-73.95633595414944,Closed,Brooklyn,Illegal Parking,Parking,2026-08-10,1,2026,8,Monday,False
2026-08-10,96,70013125,2026-08-10 01:24:09,,8,3,Loud Talking,Street/Sidewalk,10458,40.869651708656015,-73.88814974388278,In Progress,Bronx,Noise - Street/Sidewalk,Noise,2026-08-10,1,2026,8,Monday,False
2026-08-10,97,70005157,2026-08-10 01:23:45,,3,3,Loud Talking,Residential Building/House,10473,40.80637413705587,-73.85304054923232,In Progress,Bronx,Noise - Residential,Noise,2026-08-10,1,2026,8,Monday,False
2026-08-10,98,70006635,2026-08-10 01:23:43,,6,4,Blocked Hydrant,Street/Sidewalk,11224,40.57732006934196,-73.9713129720379,In Progress,Brooklyn,Illegal Parking,Parking,2026-08-10,1,2026,8,Monday,False
2026-08-10,99,70011834,2026-08-10 01:23:37,2026-08-10 01:34:16,4,3,No Access,Street/Sidewalk,10468,40.86656965932709,-73.90040058589278,Closed,Bronx,Blocked Driveway,Parking,2026-08-10,1,2026,8,Monday,False
2026-08-10,100,70007292,2026-08-10 01:23:28,,6,1,Blocked Hydrant,Street/Sidewalk,11364,40.753262378124,-73.77432965112008,In Progress,Queens,Illegal Parking,Parking,2026-08-10,1,2026,8,Monday,False
2026-08-10,101,70006858,2026-08-10 01:22:04,,6,4,Blocked Bike Lane,Street/Sidewalk,11222,40.7320352282386,-73.95457293844488,In Progress,Brooklyn,Illegal Parking,Parking,2026-08-10,1,2026,8,Monday,False
2026-08-10,102,70008512,2026-08-10 01:21:57,,3,1,Loud Music/Party,Residential Building/House,11368,40.741263962949205,-73.8513617769851,In Progress,Queens,Noise - Residential,Noise,2026-08-10,1,2026,8,Monday,False
2026-08-10,103,70007825,2026-08-10 01:21:54,,8,3,Loud Music/Party,Street/Sidewalk,10462,40.85225720783572,-73.86865955557654,In Progress,Bronx,Noise - Street/Sidewalk,Noise,2026-08-10,1,2026,8,Monday,False
2026-08-10,104,70012670,2026-08-10 00:45:21,,6,3,Blocked Hydrant,Street/Sidewalk,10455,40.81237137041546,-73.90545977958996,In Progress,Bronx,Illegal Parking,Parking,2026-08-10,1,2026,8,Monday,False
2026-08-10,105,70005200,2026-08-10 01:21:35,,8,3,Loud Music/Party,Street/Sidewalk,10453,40.845749925937085,-73.92413470328373,In Progress,Bronx,Noise - Street/Sidewalk,Noise,2026-08-10,1,2026,8,Monday,False
2026-08-10,106,70013189,2026-08-10 01:21:13,,19,4,Other (Complaint Details),Residential Building/House,11226,40.65145957050939,-73.9540475859135,In Progress,Brooklyn,Animal-Abuse,Other,2026-08-10,1,2026,8,Monday,False
2026-08-10,107,70005852,2026-08-10 01:21:04,,8,2,Loud Music/Party,Street/Sidewalk,10036,40.75913755145328,-73.99633620122437,In Progress,Manhattan,Noise - Street/Sidewalk,Noise,2026-08-10,1,2026,8,Monday,False
2026-08-10,108,70010335,2026-08-10 01:21:03,,5,3,Loud Music/Party,Store/Commercial,10452,40.84276723569249,-73.91732173631907,In Progress,Bronx,Noise - Commercial,Noise,2026-08-10,1,2026,8,Monday,False
2026-08-10,109,70009851,2026-08-10 01:20:50,,4,1,No Access,Street/Sidewalk,11436,40.67778509546546,-73.79860691447955,In Progress,Queens,Blocked Driveway,Parking,2026-08-10,1,2026,8,Monday,False
2026-08-10,110,70008036,2026-08-10 01:20:48,2026-08-10 01:35:30,3,4,Loud Music/Party,Residential Building/House,11213,40.678583172296406,-73.94131662807085,Closed,Brooklyn,Noise - Residential,Noise,2026-08-10,1,2026,8,Monday,False
2026-08-10,111,70010530,2026-08-10 01:20:45,,3,4,Loud Music/Party,Residential Building/House,11203,40.6506659503304,-73.93126860119652,In Progress,Brooklyn,Noise - Residential,Noise,2026-08-10,1,2026,8,Monday,False
2026-08-10,112,70009194,2026-08-10 01:19:35,,3,4,Banging/Pounding,Residential Building/House,11223,40.60591149595023,-73.96701865818098,In Progress,Brooklyn,Noise - Residential,Noise,2026-08-10,1,2026,8,Monday,False
2026-08-10,113,70004588,2026-08-10 01:19:25,,5,1,Loud Music/Party,Club/Bar/Restaurant,11419,40.69056065139501,-73.81409194285082,In Progress,Queens,Noise - Commercial,Noise,2026-08-10,1,2026,8,Monday,False
2026-08-10,114,70007170,2026-08-10 01:18:57,,3,1,Loud Music/Party,Residential Building/House,11418,40.69296833187658,-73.83418551357916,In Progress,Queens,Noise - Residential,Noise,2026-08-10,1,2026,8,Monday,False
2026-08-10,115,70013391,2026-08-10 01:18:57,,20,1,Driver Complaint - Passenger,Street,11430,40.64832048620134,-73.78828125130184,In Progress,Queens,Taxi Complaint,Vehicle,2026-08-10,1,2026,8,Monday,False
2026-08-10,116,70003833,2026-08-10 01:18:56,,8,3,Loud Music/Party,Street/Sidewalk,10452,40.845138089074176,-73.9244896046163,In Progress,Bronx,Noise - Street/Sidewalk,Noise,2026-08-10,1,2026,8,Monday,False
2026-08-10,117,70004157,2026-08-10 01:18:53,2026-08-10 01:26:20,6,4,Blocked Bike Lane,Street/Sidewalk,11205,40.69715834401264,-73.9566450801153,Closed,Brooklyn,Illegal Parking,Parking,2026-08-10,1,2026,8,Monday,False
2026-08-10,118,70005201,2026-08-10 01:15:28,,8,3,Loud Music/Party,Street/Sidewalk,10453,40.85042664595782,-73.90522857511729,In Progress,Bronx,Noise - Street/Sidewalk,Noise,2026-08-10,1,2026,8,Monday,False
2026-08-10,119,70013261,2026-08-10 01:18:16,2026-08-10 01:42:49,8,4,Loud Talking,Street/Sidewalk,11208,40.68381291071493,-73.87918430201209,Closed,Brooklyn,Noise - Street/Sidewalk,Noise,2026-08-10,1,2026,8,Monday,False
2026-08-10,120,70013776,2026-08-10 01:17:48,,12,1,With License Plate,Street/Sidewalk,11373,40.74341280587821,-73.87414298679369,In Progress,Queens,Abandoned Vehicle,Vehicle,2026-08-10,1,2026,8,Monday,False
2026-08-10,121,70004063,2026-08-10 01:17:45,2026-08-10 01:41:39,3,2,Loud Music/Party,Residential Building/House,10002,40.7208368702199,-73.98952358894675,Closed,Manhattan,Noise - Residential,Noise,2026-08-10,1,2026,8,Monday,False
2026-08-10,122,70010547,2026-08-10 01:17:38,,3,4,Loud Music/Party,Residential Building/House,11236,40.645255265807336,-73.89718871806647,In Progress,Brooklyn,Noise - Residential,Noise,2026-08-10,1,2026,8,Monday,False
2026-08-10,123,70013938,2026-08-10 01:17:02,2026-08-10 01:31:04,8,2,Loud Music/Party,Street/Sidewalk,10034,40.86259033499708,-73.91851182288445,Closed,Manhattan,Noise - Street/Sidewalk,Noise,2026-08-10,1,2026,8,Monday,False
2026-08-10,124,70009768,2026-08-10 01:16:56,,4,1,No Access,Street/Sidewalk,11420,40.67654873252136,-73.81419950104882,In Progress,Queens,Blocked Driveway,Parking,2026-08-10,1,2026,8,Monday,False
2026-08-10,125,70006583,2026-08-10 01:16:52,,21,2,Unknown,Park/Playground,10038,40.71059933935439,-73.99660218199314,In Progress,Manhattan,Illegal Fireworks,Other,2026-08-10,1,2026,8,Monday,False
2026-08-10,126,70010308,2026-08-10 01:16:37,,8,3,Loud Music/Party,Street/Sidewalk,10473,40.81956151713415,-73.84390682585497,In Progress,Bronx,Noise - Street/Sidewalk,Noise,2026-08-10,1,2026,8,Monday,False
2026-08-10,127,70011192,2026-08-10 01:16:35,,6,1,Commercial Overnight Parking,Street/Sidewalk,11105,40.77497162712415,-73.90212982386747,In Progress,Queens,Illegal Parking,Parking,2026-08-10,1,2026,8,Monday,False
2026-08-10,128,70009938,2026-08-10 01:16:15,2026-08-10 01:32:40,8,2,Loud Music/Party,Street/Sidewalk,10031,40.824150659391215,-73.95291302756016,Closed,Manhattan,Noise - Street/Sidewalk,Noise,2026-08-10,1,2026,8,Monday,False
2026-08-10,129,70013732,2026-08-10 01:16:02,,3,1,Loud Music/Party,Residential Building/House,11365,40.73410221047962,-73.80492443747828,In Progress,Queens,Noise - Residential,Noise,2026-08-10,1,2026,8,Monday,False
2026-08-10,130,70010790,2026-08-10 01:15:54,,22,3,Ventilation,1-2 Family Mixed Use Building,10452,40.83810190786086,-73.91827438644238,In Progress,Bronx,Indoor Air Quality,Other,2026-08-10,1,2026,8,Monday,False
2026-08-10,131,70009155,2026-08-10 01:15:27,2026-08-10 01:29:44,8,3,Loud Music/Party,Street/Sidewalk,10463,40.879453988498064,-73.9012527860454,Closed,Bronx,Noise - Street/Sidewalk,Noise,2026-08-10,1,2026,8,Monday,False
2026-08-10,132,70012573,2026-08-10 01:15:27,,8,2,Loud Music/Party,Street/Sidewalk,10036,40.76222789939113,-73.99180570530457,In Progress,Manhattan,Noise - Street/Sidewalk,Noise,2026-08-10,1,2026,8,Monday,False
2026-08-10,133,70004512,2026-08-10 01:15:21,,3,2,Loud Television,Residential Building/House,10029,40.79881467021513,-73.94779857268328,In Progress,Manhattan,Noise - Residential,Noise,2026-08-10,1,2026,8,Monday,False
2026-08-10,134,70007881,2026-08-10 01:15:21,2026-08-10 01:27:59,5,2,Loud Music/Party,Club/Bar/Restaurant,10014,40.73566450769591,-74.00161294691199,Closed,Manhattan,Noise - Commercial,Noise,2026-08-10,1,2026,8,Monday,False
2026-08-10,135,70009257,2026-08-10 01:15:20,,3,4,Loud Music/Party,Residential Building/House,11226,40.64298059595477,-73.96053228551497,In Progress,Brooklyn,Noise - Residential,Noise,2026-08-10,1,2026,8,Monday,False
2026-08-10,136,70004234,2026-08-10 01:15:18,,1,1,Driver Complaint - Passenger,Street,11430,40.64832048620134,-73.78828125130184,In Progress,Queens,For Hire Vehicle Complaint,Vehicle,2026-08-10,1,2026,8,Monday,False
2026-08-10,137,70004804,2026-08-10 01:15:09,2026-08-10 01:31:24,18,2,Car/Truck Music,Street/Sidewalk,10040,40.85656766459356,-73.92982674386413,Closed,Manhattan,Noise - Vehicle,Noise,2026-08-10,1,2026,8,Monday,False
2026-08-10,138,70006636,2026-08-10 01:15:02,2026-08-10 01:35:33,4,4,No Access,Street/Sidewalk,11235,40.58011062524144,-73.95922664575507,Closed,Brooklyn,Blocked Driveway,Parking,2026-08-10,1,2026,8,Monday,False
2026-08-10,139,70006456,2026-08-10 01:14:59,,8,3,Loud Music/Party,Street/Sidewalk,10473,40.8195506556281,-73.84399356181072,In Progress,Bronx,Noise - Street/Sidewalk,Noise,2026-08-10,1,2026,8,Monday,False
2026-08-10,140,70004543,2026-08-10 01:14:52,,8,1,Loud Music/Party,Street/Sidewalk,11691,40.59647945989426,-73.77247936160349,In Progress,Queens,Noise - Street/Sidewalk,Noise,2026-08-10,1,2026,8,Monday,False
2026-08-10,141,70005361,2026-08-10 01:14:32,,4,4,Partial Access,Street/Sidewalk,11212,40.65904308554391,-73.92691325791593,In Progress,Brooklyn,Blocked Driveway,Parking,2026-08-10,1,2026,8,Monday,False
2026-08-10,142,70013188,2026-08-10 01:12:04,,4,4,No Access,Street/Sidewalk,11226,40.64154540235557,-73.94761172522361,In Progress,Brooklyn,Blocked Driveway,Parking,2026-08-10,1,2026,8,Monday,False
2026-08-09,143,70012901,2026-08-09 23:31:56,,23,1,Odor,Plant,11105,40.77700221477135,-73.91915815396763,In Progress,Queens,Waste Water Treatment Plant,Infrastructure,2026-08-09,2,2026,8,Sunday,True
2026-08-10,144,70011312,2026-08-10 01:13:43,2026-08-10 01:36:13,8,2,Loud Music/Party,Street/Sidewalk,10040,40.85462115652687,-73.9289865404921,Closed,Manhattan,Noise - Street/Sidewalk,Noise,2026-08-10,1,2026,8,Monday,False
2026-08-10,145,70011976,2026-08-10 01:13:40,2026-08-10 01:28:41,18,4,Car/Truck Music,Street/Sidewalk,11221,40.690306021473496,-73.94117289135347,Closed,Brooklyn,Noise - Vehicle,Noise,2026-08-10,1,2026,8,Monday,False
2026-08-10,146,70004133,2026-08-10 01:13:21,2026-08-10 01:46:21,6,4,Blocked Hydrant,Street/Sidewalk,11207,40.679752388235904,-73.89197987058503,Closed,Brooklyn,Illegal Parking,Parking,2026-08-10,1,2026,8,Monday,False
2026-08-10,147,70013154,2026-08-10 01:13:16,,4,4,No Access,Street/Sidewalk,11229,40.596511717523946,-73.94215214089431,In Progress,Brooklyn,Blocked Driveway,Parking,2026-08-10,1,2026,8,Monday,False
2026-08-10,148,70009066,2026-08-10 01:13:12,,8,3,Loud Music/Party,Street/Sidewalk,10453,40.845749925937085,-73.92413470328373,In Progress,Bronx,Noise - Street/Sidewalk,Noise,2026-08-10,1,2026,8,Monday,False
2026-08-10,149,70006717,2026-08-10 01:12:57,,6,4,Blocked Hydrant,Street/Sidewalk,11210,40.63429258782559,-73.95138605401291,In Progress,Brooklyn,Illegal Parking,Parking,2026-08-10,1,2026,8,Monday,False
2026-08-10,150,70006798,2026-08-10 01:12:54,2026-08-10 01:21:43,6,4,Blocked Bike Lane,Street/Sidewalk,11205,40.69433926277436,-73.9561059913062,Closed,Brooklyn,Illegal Parking,Parking,2026-08-10,1,2026,8,Monday,False
2026-08-10,151,70013431,2026-08-10 01:12:51,,24,1,Public Complaint - Comm Location,Commercial Building,11101,40.75202077318155,-73.92934495549645,In Progress,Queens,Mold,Other,2026-08-10,1,2026,8,Monday,False
2026-08-10,152,70007853,2026-08-10 01:12:10,2026-08-10 01:30:37,8,3,Loud Music/Party,Street/Sidewalk,10463,40.87514540014392,-73.91215405363715,Closed,Bronx,Noise - Street/Sidewalk,Noise,2026-08-10,1,2026,8,Monday,False
2026-08-10,153,70009923,2026-08-10 01:12:04,,8,2,Loud Talking,Street/Sidewalk,10035,40.7971745457037,-73.93411145027385,In Progress,Manhattan,Noise - Street/Sidewalk,Noise,2026-08-10,1,2026,8,Monday,False
2026-08-10,154,70006080,2026-08-10 01:11:55,2026-08-10 01:32:40,8,2,Loud Music/Party,Street/Sidewalk,10031,40.824150659391215,-73.95291302756016,Closed,Manhattan,Noise - Street/Sidewalk,Noise,2026-08-10,1,2026,8,Monday,False
2026-08-10,155,70009952,2026-08-10 01:11:46,,8,2,Loud Music/Party,Street/Sidewalk,10032,40.84355044421402,-73.93612563080262,In Progress,Manhattan,Noise - Street/Sidewalk,Noise,2026-08-10,1,2026,8,Monday,False
2026-08-10,156,70008510,2026-08-10 01:11:41,,8,1,Loud Talking,Street/Sidewalk,11373,40.74441810624009,-73.88813985479102,In Progress,Queens,Noise - Street/Sidewalk,Noise,2026-08-10,1,2026,8,Monday,False
2026-08-10,157,70009334,2026-08-10 01:11:39,2026-08-10 01:22:10,6,4,Blocked Bike Lane,Street/Sidewalk,11205,40.690693929964446,-73.95537998933273,Closed,Brooklyn,Illegal Parking,Parking,2026-08-10,1,2026,8,Monday,False
2026-08-10,158,70008677,2026-08-10 01:11:20,2026-08-10 01:31:39,8,2,Loud Talking,Street/Sidewalk,10040,40.86312042391898,-73.92726742828428,Closed,Manhattan,Noise - Street/Sidewalk,Noise,2026-08-10,1,2026,8,Monday,False
2026-08-10,159,70013115,2026-08-10 01:11:12,,8,3,Loud Music/Party,Street/Sidewalk,10463,40.87487058614485,-73.91170242438503,In Progress,Bronx,Noise - Street/Sidewalk,Noise,2026-08-10,1,2026,8,Monday,False
2026-08-10,160,70008543,2026-08-10 01:11:10,,5,1,Loud Music/Party,Store/Commercial,11412,40.69166771985553,-73.76238585725424,In Progress,Queens,Noise - Commercial,Noise,2026-08-10,1,2026,8,Monday,False
2026-08-10,161,70013238,2026-08-10 01:11:10,,25,1,Blocked - Construction,Street,11436,40.67963612673584,-73.80078617277148,In Progress,Queens,Street Condition,Transportation,2026-08-10,1,2026,8,Monday,False
2026-08-10,162,70009258,2026-08-10 01:11:06,,6,4,Blocked Hydrant,Street/Sidewalk,11210,40.6337378585936,-73.95072352973449,In Progress,Brooklyn,Illegal Parking,Parking,2026-08-10,1,2026,8,Monday,False
2026-08-10,163,70010083,2026-08-10 01:11:05,,26,1,Sidewalk Zone Blocked,Sidewalk,11101,40.74364166035955,-73.95887755839249,In Progress,Queens,Outdoor Dining,Other,2026-08-10,1,2026,8,Monday,False
2026-08-10,164,70009767,2026-08-10 01:11:02,,3,1,Loud Music/Party,Residential Building/House,11419,40.68397043512662,-73.83193275924418,In Progress,Queens,Noise - Residential,Noise,2026-08-10,1,2026,8,Monday,False
2026-08-10,165,70012504,2026-08-10 01:10:56,,6,1,Commercial Overnight Parking,Street/Sidewalk,11102,40.77469011509051,-73.92578622539617,In Progress,Queens,Illegal Parking,Parking,2026-08-10,1,2026,8,Monday,False
2026-08-10,166,70013372,2026-08-10 01:10:38,,27,2,Letter Grading,Restaurant/Bar/Deli/Bakery,10032,40.83708185050722,-73.9426549015231,In Progress,Manhattan,Food Establishment,Other,2026-08-10,1,2026,8,Monday,False
2026-08-10,167,70008654,2026-08-10 01:10:29,,8,2,Loud Music/Party,Street/Sidewalk,10032,40.84388574781688,-73.93694213013922,In Progress,Manhattan,Noise - Street/Sidewalk,Noise,2026-08-10,1,2026,8,Monday,False
2026-08-10,168,70005475,2026-08-10 01:10:26,2026-08-10 01:17:51,6,4,Blocked Bike Lane,Street/Sidewalk,11216,40.68104254426423,-73.953439516331,Closed,Brooklyn,Illegal Parking,Parking,2026-08-10,1,2026,8,Monday,False
2026-08-10,169,70006783,2026-08-10 01:10:20,2026-08-10 01:22:27,8,4,Loud Music/Party,Street/Sidewalk,11213,40.67121284890588,-73.92599509314448,Closed,Brooklyn,Noise - Street/Sidewalk,Noise,2026-08-10,1,2026,8,Monday,False
2026-08-10,170,70004513,2026-08-10 01:10:15,,3,3,Loud Music/Party,Residential Building/House,10455,40.81625731768569,-73.9081385356089,In Progress,Bronx,Noise - Residential,Noise,2026-08-10,1,2026,8,Monday,False
2026-08-10,171,70007846,2026-08-10 01:09:42,,8,3,Loud Music/Party,Street/Sidewalk,10463,40.87534008021243,-73.9119006789391,In Progress,Bronx,Noise - Street/Sidewalk,Noise,2026-08-10,1,2026,8,Monday,False
2026-08-10,172,70011316,2026-08-10 01:09:39,2026-08-10 01:36:13,8,2,Loud Music/Party,Street/Sidewalk,10040,40.85462115652687,-73.9289865404921,Closed,Manhattan,Noise - Street/Sidewalk,Noise,2026-08-10,1,2026,8,Monday,False
2026-08-10,173,70004071,2026-08-10 01:09:31,,6,4,Blocked Hydrant,Street/Sidewalk,11210,40.63410540066758,-73.95012157546212,In Progress,Brooklyn,Illegal Parking,Parking,2026-08-10,1,2026,8,Monday,False
2026-08-10,174,70013337,2026-08-10 01:09:15,2026-08-10 01:26:19,5,4,Loud Music/Party,Club/Bar/Restaurant,11205,40.69316634359512,-73.97048782127224,Closed,Brooklyn,Noise - Commercial,Noise,2026-08-10,1,2026,8,Monday,False
2026-08-10,175,70013005,2026-08-10 01:09:11,,8,3,Loud Music/Party,Street/Sidewalk,10462,40.83457788972174,-73.84802741068347,In Progress,Bronx,Noise - Street/Sidewalk,Noise,2026-08-10,1,2026,8,Monday,False
2026-08-10,176,70007187,2026-08-10 01:09:06,2026-08-10 01:34:29,3,1,Loud Talking,Residential Building/House,11432,40.70843851414344,-73.78927337802573,Closed,Queens,Noise - Residential,Noise,2026-08-10,1,2026,8,Monday,False
2026-08-10,177,70006504,2026-08-10 01:02:58,,8,3,Loud Music/Party,Street/Sidewalk,10453,40.845749925937085,-73.92413470328373,In Progress,Bronx,Noise - Street/Sidewalk,Noise,2026-08-10,1,2026,8,Monday,False
2026-08-10,178,70011124,2026-08-10 00:45:08,,6,1,Blocked Hydrant,Street/Sidewalk,11365,40.72794970409676,-73.80894369037782,In Progress,Queens,Illegal Parking,Parking,2026-08-10,1,2026,8,Monday,False
2026-08-10,179,70009320,2026-08-10 01:09:01,2026-08-10 01:22:28,8,4,Loud Music/Party,Street/Sidewalk,11213,40.67121284890588,-73.92599509314448,Closed,Brooklyn,Noise - Street/Sidewalk,Noise,2026-08-10,1,2026,8,Monday,False
2026-08-10,180,70004618,2026-08-10 01:08:56,,4,1,No Access,Street/Sidewalk,11367,40.73818769585801,-73.8123027406154,In Progress,Queens,Blocked Driveway,Parking,2026-08-10,1,2026,8,Monday,False
2026-08-10,181,70013291,2026-08-10 01:08:54,2026-08-10 01:17:54,6,4,Blocked Bike Lane,Street/Sidewalk,11216,40.68104254426423,-73.953439516331,Closed,Brooklyn,Illegal Parking,Parking,2026-08-10,1,2026,8,Monday,False
2026-08-10,182,70008017,2026-08-10 01:07:54,2026-08-10 01:22:46,8,4,Loud Music/Party,Street/Sidewalk,11213,40.67121284890588,-73.92599509314448,Closed,Brooklyn,Noise - Street/Sidewalk,Noise,2026-08-10,1,2026,8,Monday,False
2026-08-10,183,70008034,2026-08-10 01:07:43,2026-08-10 01:18:25,6,4,Blocked Bike Lane,Street/Sidewalk,11216,40.68009278424225,-73.9532707267708,Closed,Brooklyn,Illegal Parking,Parking,2026-08-10,1,2026,8,Monday,False
2026-08-10,184,70011859,2026-08-10 01:07:27,2026-08-10 01:26:20,3,4,Banging/Pounding,Residential Building/House,11214,40.60810108364675,-73.99938414563323,Closed,Brooklyn,Noise - Residential,Noise,2026-08-10,1,2026,8,Monday,False
2026-08-10,185,70007222,2026-08-10 01:07:18,,18,1,Car/Truck Music,Street/Sidewalk,11420,40.67592902161404,-73.81801548500097,In Progress,Queens,Noise - Vehicle,Noise,2026-08-10,1,2026,8,Monday,False
2026-08-10,186,70012990,2026-08-10 01:06:56,,7,2,Lawn Care Equipment,Residential Property,10003,40.73393729006337,-73.98660603184896,In Progress,Manhattan,Noise,Noise,2026-08-10,1,2026,8,Monday,False
2026-08-10,187,70009268,2026-08-10 01:06:51,,3,4,Loud Music/Party,Residential Building/House,11226,40.65601042662477,-73.95406607565286,In Progress,Brooklyn,Noise - Residential,Noise,2026-08-10,1,2026,8,Monday,False
2026-08-10,188,70005534,2026-08-10 01:02:40,,6,4,Blocked Bike Lane,Street/Sidewalk,11211,40.71150431889917,-73.96181911567312,In Progress,Brooklyn,Illegal Parking,Parking,2026-08-10,1,2026,8,Monday,False
2026-08-10,189,70013281,2026-08-10 01:06:51,2026-08-10 01:22:26,8,4,Loud Music/Party,Street/Sidewalk,11213,40.67121284890588,-73.92599509314448,Closed,Brooklyn,Noise - Street/Sidewalk,Noise,2026-08-10,1,2026,8,Monday,False
2026-08-10,190,70013025,2026-08-10 01:06:36,,13,3,In Public,Store/Commercial,10452,40.84043357320546,-73.91640666366692,In Progress,Bronx,Drinking,Other,2026-08-10,1,2026,8,Monday,False
2026-08-10,191,70011975,2026-08-10 01:06:32,2026-08-10 01:18:09,6,4,Blocked Bike Lane,Street/Sidewalk,11216,40.67939554592232,-73.95310897511102,Closed,Brooklyn,Illegal Parking,Parking,2026-08-10,1,2026,8,Monday,False
2026-08-10,192,70006131,2026-08-10 01:06:27,2026-08-10 01:35:03,3,2,Loud Music/Party,Residential Building/House,10034,40.86390568930256,-73.92345961441495,Closed,Manhattan,Noise - Residential,Noise,2026-08-10,1,2026,8,Monday,False
2026-08-10,193,70013817,2026-08-10 01:06:26,,3,1,Loud Music/Party,Residential Building/House,11102,40.775526819039605,-73.92099410137597,In Progress,Queens,Noise - Residential,Noise,2026-08-10,1,2026,8,Monday,False
2026-08-10,194,70009994,2026-08-10 01:06:22,2026-08-10 01:32:09,8,2,Loud Music/Party,Street/Sidewalk,10034,40.86454272910359,-73.92386741876558,Closed,Manhattan,Noise - Street/Sidewalk,Noise,2026-08-10,1,2026,8,Monday,False
2026-08-10,195,70008120,2026-08-10 01:06:07,,1,2,Driver Complaint - Non Passenger,,10002,40.72391119071085,-73.9918933947813,In Progress,Manhattan,For Hire Vehicle Complaint,Vehicle,2026-08-10,1,2026,8,Monday,False
2026-08-10,196,70004146,2026-08-10 01:05:56,2026-08-10 01:22:26,8,4,Loud Music/Party,Street/Sidewalk,11213,40.67121284890588,-73.92599509314448,Closed,Brooklyn,Noise - Street/Sidewalk,Noise,2026-08-10,1,2026,8,Monday,False
2026-08-10,197,70005443,2026-08-10 01:05:54,,3,4,Loud Talking,Residential Building/House,11208,40.68383381438844,-73.87561834430197,In Progress,Brooklyn,Noise - Residential,Noise,2026-08-10,1,2026,8,Monday,False
2026-08-10,198,70008322,2026-08-10 00:59:49,,28,4,Condition Attracting Rodents,1-2 Family Dwelling,11209,40.62286638868413,-74.03190903449203,In Progress,Brooklyn,Rodent,Sanitation,2026-08-10,1,2026,8,Monday,False
2026-08-10,199,70007443,2026-08-10 01:05:53,2026-08-10 01:32:23,8,2,Loud Music/Party,Street/Sidewalk,10040,40.86256276936047,-73.92650883171258,Closed,Manhattan,Noise - Street/Sidewalk,Noise,2026-08-10,1,2026,8,Monday,False
2026-08-10,200,70005268,2026-08-10 01:05:45,,4,3,No Access,Street/Sidewalk,10469,40.86606263147898,-73.85676272649035,In Progress,Bronx,Blocked Driveway,Parking,2026-08-10,1,2026,8,Monday,False
2026-08-10,201,70003818,2026-08-10 01:05:31,2026-08-10 01:11:33,8,3,Loud Music/Party,Street/Sidewalk,10473,40.80690105131865,-73.85735241137307,Closed,Bronx,Noise - Street/Sidewalk,Noise,2026-08-10,1,2026,8,Monday,False
2026-08-10,202,70008064,2026-08-10 01:05:13,2026-08-10 01:07:18,6,4,Blocked Bike Lane,Street/Sidewalk,11205,40.6942287154698,-73.97106433343292,Closed,Brooklyn,Illegal Parking,Parking,2026-08-10,1,2026,8,Monday,False
2026-08-10,203,70006716,2026-08-10 01:05:12,,8,4,Loud Music/Party,Street/Sidewalk,11226,40.65470142002745,-73.96231654123702,In Progress,Brooklyn,Noise - Street/Sidewalk,Noise,2026-08-10,1,2026,8,Monday,False
2026-08-10,204,70010440,2026-08-10 01:04:56,2026-08-10 01:46:24,8,3,Loud Music/Party,Street/Sidewalk,10468,40.872631364966125,-73.89887286284,Closed,Bronx,Noise - Street/Sidewalk,Noise,2026-08-10,1,2026,8,Monday,False
2026-08-10,205,70005466,2026-08-10 01:04:55,2026-08-10 01:22:46,8,4,Loud Music/Party,Street/Sidewalk,11213,40.67121284890588,-73.92599509314448,Closed,Brooklyn,Noise - Street/Sidewalk,Noise,2026-08-10,1,2026,8,Monday,False
2026-08-10,206,70009671,2026-08-10 01:04:44,,3,4,Banging/Pounding,Residential Building/House,11212,40.67276961667525,-73.9076728513286,In Progress,Brooklyn,Noise - Residential,Noise,2026-08-10,1,2026,8,Monday,False
2026-08-10,207,70009098,2026-08-10 01:04:39,2026-08-10 01:18:37,8,3,Loud Music/Party,Street/Sidewalk,10466,40.8913075690776,-73.86292205289855,Closed,Bronx,Noise - Street/Sidewalk,Noise,2026-08-10,1,2026,8,Monday,False
2026-08-10,208,70013699,2026-08-10 00:59:43,,4,1,No Access,Street/Sidewalk,11385,40.70569245848338,-73.90026224481514,In Progress,Queens,Blocked Driveway,Parking,2026-08-10,1,2026,8,Monday,False
2026-08-10,209,70010617,2026-08-10 01:04:36,2026-08-10 01:46:16,6,4,Blocked Hydrant,Street/Sidewalk,11207,40.679752388235904,-73.89197987058503,Closed,Brooklyn,Illegal Parking,Parking,2026-08-10,1,2026,8,Monday,False
2026-08-10,210,70008645,2026-08-10 01:04:32,2026-08-10 01:33:03,8,2,Loud Music/Party,Street/Sidewalk,10031,40.824150659391215,-73.95291302756016,Closed,Manhattan,Noise - Street/Sidewalk,Noise,2026-08-10,1,2026,8,Monday,False
2026-08-10,211,70003990,2026-08-10 01:04:21,,6,4,Blocked Hydrant,Street/Sidewalk,11235,40.59015333949006,-73.95089251104693,In Progress,Brooklyn,Illegal Parking,Parking,2026-08-10,1,2026,8,Monday,False
2026-08-10,212,70007491,2026-08-10 01:03:59,,29,4,Cat,Street,11208,40.6669969585187,-73.86788167419289,In Progress,Brooklyn,Dead Animal,Other,2026-08-10,1,2026,8,Monday,False
2026-08-10,213,70010700,2026-08-10 01:03:51,,6,4,Blocked Bike Lane,Street/Sidewalk,11211,40.71150431889917,-73.96181911567312,In Progress,Brooklyn,Illegal Parking,Parking,2026-08-10,1,2026,8,Monday,False
2026-08-10,214,70012606,2026-08-10 01:03:49,,8,2,Loud Music/Party,Street/Sidewalk,10039,40.82376492286525,-73.93816437974954,In Progress,Manhattan,Noise - Street/Sidewalk,Noise,2026-08-10,1,2026,8,Monday,False
2026-08-10,215,70010363,2026-08-10 01:03:42,,8,3,Loud Music/Party,Street/Sidewalk,10453,40.85817576245936,-73.90622974164854,In Progress,Bronx,Noise - Street/Sidewalk,Noise,2026-08-10,1,2026,8,Monday,False
2026-08-10,216,70009319,2026-08-10 01:03:29,2026-08-10 01:22:27,8,4,Loud Music/Party,Street/Sidewalk,11213,40.67121284890588,-73.92599509314448,Closed,Brooklyn,Noise - Street/Sidewalk,Noise,2026-08-10,1,2026,8,Monday,False
2026-08-10,217,70010590,2026-08-10 01:03:19,2026-08-10 01:30:11,4,4,No Access,Street/Sidewalk,11220,40.64404938509343,-74.00703749461712,Closed,Brooklyn,Blocked Driveway,Parking,2026-08-10,1,2026,8,Monday,False
2026-08-10,218,70011314,2026-08-10 01:03:11,2026-08-10 01:31:03,8,2,Loud Music/Party,Street/Sidewalk,10040,40.861870823878704,-73.9260685381408,Closed,Manhattan,Noise - Street/Sidewalk,Noise,2026-08-10,1,2026,8,Monday,False
2026-08-10,219,70008015,2026-08-10 01:02:28,2026-08-10 01:22:27,8,4,Loud Music/Party,Street/Sidewalk,11213,40.67121284890588,-73.92599509314448,Closed,Brooklyn,Noise - Street/Sidewalk,Noise,2026-08-10,1,2026,8,Monday,False
2026-08-10,220,70005606,2026-08-10 01:02:24,,25,5,"Rough, Pitted Or Cracked Roads",Street,10306,40.57607020200149,-74.10251040034665,In Progress,Staten Island,Street Condition,Transportation,2026-08-10,1,2026,8,Monday,False
2026-08-10,221,70011706,2026-08-10 01:02:14,2026-08-10 01:21:41,5,3,Loud Music/Party,Store/Commercial,10465,40.84474056330526,-73.81536339866841,Closed,Bronx,Noise - Commercial,Noise,2026-08-10,1,2026,8,Monday,False
2026-08-10,222,70013939,2026-08-10 01:02:06,2026-08-10 01:32:41,8,2,Loud Music/Party,Street/Sidewalk,10040,40.855959375238136,-73.92706920943033,Closed,Manhattan,Noise - Street/Sidewalk,Noise,2026-08-10,1,2026,8,Monday,False
2026-08-10,223,70007316,2026-08-10 01:01:45,,12,1,With License Plate,Street/Sidewalk,11106,40.75950516127016,-73.92847791365853,In Progress,Queens,Abandoned Vehicle,Vehicle,2026-08-10,1,2026,8,Monday,False
2026-08-10,224,70004144,2026-08-10 01:01:36,2026-08-10 01:22:26,8,4,Loud Music/Party,Street/Sidewalk,11213,40.67121284890588,-73.92599509314448,Closed,Brooklyn,Noise - Street/Sidewalk,Noise,2026-08-10,1,2026,8,Monday,False
2026-08-10,225,70005484,2026-08-10 01:01:08,2026-08-10 01:49:25,18,4,Car/Truck Music,Street/Sidewalk,11221,40.69625771978034,-73.92012156071634,Closed,Brooklyn,Noise - Vehicle,Noise,2026-08-10,1,2026,8,Monday,False
2026-08-10,226,70011134,2026-08-10 01:00:54,,3,1,Loud Music/Party,Residential Building/House,11377,40.740328321384425,-73.89383032556388,In Progress,Queens,Noise - Residential,Noise,2026-08-10,1,2026,8,Monday,False
2026-08-10,227,70009405,2026-08-10 01:00:49,,1,4,Driver Complaint - Non Passenger,Street,11211,40.71150431889917,-73.96181911567312,In Progress,Brooklyn,For Hire Vehicle Complaint,Vehicle,2026-08-10,1,2026,8,Monday,False
2026-08-10,228,70011656,2026-08-10 00:59:42,,8,3,Loud Music/Party,Street/Sidewalk,10460,40.83678613034184,-73.88215176583577,In Progress,Bronx,Noise - Street/Sidewalk,Noise,2026-08-10,1,2026,8,Monday,False
2026-08-10,229,70008018,2026-08-10 01:00:46,2026-08-10 01:22:26,8,4,Loud Music/Party,Street/Sidewalk,11213,40.67121284890588,-73.92599509314448,Closed,Brooklyn,Noise - Street/Sidewalk,Noise,2026-08-10,1,2026,8,Monday,False
2026-08-10,230,70009766,2026-08-10 01:00:25,,6,1,Blocked Crosswalk,Street/Sidewalk,11420,40.66352954672205,-73.81377799511013,In Progress,Queens,Illegal Parking,Parking,2026-08-10,1,2026,8,Monday,False
2026-08-10,231,70006078,2026-08-10 01:00:24,2026-08-10 01:39:55,18,2,Car/Truck Music,Street/Sidewalk,10031,40.82816871055862,-73.9405668114059,Closed,Manhattan,Noise - Vehicle,Noise,2026-08-10,1,2026,8,Monday,False
2026-08-10,232,70008049,2026-08-10 01:00:21,2026-08-10 01:10:22,8,4,Loud Music/Party,Street/Sidewalk,11237,40.70541688352462,-73.92399144492653,Closed,Brooklyn,Noise - Street/Sidewalk,Noise,2026-08-10,1,2026,8,Monday,False
2026-08-10,233,70005571,2026-08-10 01:00:20,,1,1,Driver Complaint - Passenger,Street,11430,40.64832048620134,-73.78828125130184,In Progress,Queens,For Hire Vehicle Complaint,Vehicle,2026-08-10,1,2026,8,Monday,False
2026-08-10,234,70005374,2026-08-10 01:00:08,2026-08-10 01:25:01,4,4,Partial Access,Street/Sidewalk,11203,40.65206042516336,-73.93625130515936,Closed,Brooklyn,Blocked Driveway,Parking,2026-08-10,1,2026,8,Monday,False
2026-08-10,235,70011967,2026-08-10 01:00:07,2026-08-10 01:22:46,8,4,Loud Music/Party,Street/Sidewalk,11213,40.67121284890588,-73.92599509314448,Closed,Brooklyn,Noise - Street/Sidewalk,Noise,2026-08-10,1,2026,8,Monday,False
2026-08-10,236,70011700,2026-08-10 01:00:06,2026-08-10 01:16:12,8,3,Loud Music/Party,Street/Sidewalk,10465,40.84716032849388,-73.81641209816452,Closed,Bronx,Noise - Street/Sidewalk,Noise,2026-08-10,1,2026,8,Monday,False
2026-08-10,237,70008016,2026-08-10 00:59:15,2026-08-10 01:22:26,8,4,Loud Music/Party,Street/Sidewalk,11213,40.67121284890588,-73.92599509314448,Closed,Brooklyn,Noise - Street/Sidewalk,Noise,2026-08-10,1,2026,8,Monday,False
2026-08-10,238,70010482,2026-08-10 00:59:15,,3,4,Banging/Pounding,Residential Building/House,11235,40.58851205300091,-73.93959196262406,In Progress,Brooklyn,Noise - Residential,Noise,2026-08-10,1,2026,8,Monday,False
2026-08-10,239,70003835,2026-08-10 00:59:06,,3,3,Loud Music/Party,Residential Building/House,10452,40.83660711789842,-73.92385963421121,In Progress,Bronx,Noise - Residential,Noise,2026-08-10,1,2026,8,Monday,False
2026-08-10,240,70010476,2026-08-10 00:59:03,2026-08-10 01:35:29,4,4,No Access,Street/Sidewalk,11235,40.58011062524144,-73.95922664575507,Closed,Brooklyn,Blocked Driveway,Parking,2026-08-10,1,2026,8,Monday,False
2026-08-10,241,70012032,2026-08-10 00:58:59,,6,4,Blocked Bike Lane,Street/Sidewalk,11211,40.710641877616645,-73.95283450239151,In Progress,Brooklyn,Illegal Parking,Parking,2026-08-10,1,2026,8,Monday,False
2026-08-10,242,70003788,2026-08-10 00:58:58,,7,3,Animal Other Than Dog,Commercial/Mixed Use Building,10457,40.84134470145586,-73.91254925675244,In Progress,Bronx,Noise,Noise,2026-08-10,1,2026,8,Monday,False
2026-08-10,243,70004162,2026-08-10 00:58:54,2026-08-10 01:17:47,18,4,Car/Truck Music,Street/Sidewalk,11221,40.696249472964894,-73.92010353934359,Closed,Brooklyn,Noise - Vehicle,Noise,2026-08-10,1,2026,8,Monday,False
2026-08-10,244,70013153,2026-08-10 00:58:46,,4,4,No Access,Street/Sidewalk,11229,40.596511717523946,-73.94215214089431,In Progress,Brooklyn,Blocked Driveway,Parking,2026-08-10,1,2026,8,Monday,False
2026-08-10,245,70007850,2026-08-10 00:58:41,,8,3,Loud Music/Party,Street/Sidewalk,10463,40.87514540014392,-73.91215405363715,In Progress,Bronx,Noise - Street/Sidewalk,Noise,2026-08-10,1,2026,8,Monday,False
2026-08-10,246,70003898,2026-08-10 00:58:34,,18,3,Car/Truck Music,Street/Sidewalk,10457,40.84626823780187,-73.90173577572278,In Progress,Bronx,Noise - Vehicle,Noise,2026-08-10,1,2026,8,Monday,False
2026-08-10,247,70010659,2026-08-10 00:58:11,2026-08-10 01:10:24,3,4,Banging/Pounding,Residential Building/House,11206,40.70126556864167,-73.93074398010619,Closed,Brooklyn,Noise - Residential,Noise,2026-08-10,1,2026,8,Monday,False
2026-08-10,248,70007416,2026-08-10 00:56:48,,8,2,Loud Music/Party,Street/Sidewalk,10032,40.83197859834107,-73.94100426815116,In Progress,Manhattan,Noise - Street/Sidewalk,Noise,2026-08-10,1,2026,8,Monday,False
2026-08-10,249,70011973,2026-08-10 00:58:06,2026-08-10 01:32:38,30,4,Loud Music/Party,Park/Playground,11215,40.66739113906443,-73.97450763994523,Closed,Brooklyn,Noise - Park,Noise,2026-08-10,1,2026,8,Monday,False
2026-08-10,250,70006102,2026-08-10 00:57:58,,8,2,Loud Music/Party,Street/Sidewalk,10040,40.8622442553594,-73.92630672960482,In Progress,Manhattan,Noise - Street/Sidewalk,Noise,2026-08-10,1,2026,8,Monday,False
2026-08-10,251,70009374,2026-08-10 00:57:50,,6,4,Blocked Bike Lane,Street/Sidewalk,11211,40.710641877616645,-73.95283450239151,In Progress,Brooklyn,Illegal Parking,Parking,2026-08-10,1,2026,8,Monday,False
2026-08-10,252,70005495,2026-08-10 00:57:49,2026-08-10 01:17:32,8,4,Loud Music/Party,Street/Sidewalk,11221,40.69631804454074,-73.92003493833748,Closed,Brooklyn,Noise - Street/Sidewalk,Noise,2026-08-10,1,2026,8,Monday,False
2026-08-10,253,70008025,2026-08-10 00:57:33,2026-08-10 01:35:10,8,4,Loud Music/Party,Street/Sidewalk,11215,40.66135420007725,-73.96968010080575,Closed,Brooklyn,Noise - Street/Sidewalk,Noise,2026-08-10,1,2026,8,Monday,False
2026-08-10,254,70009085,2026-08-10 00:57:08,2026-08-10 01:21:42,8,3,Loud Music/Party,Street/Sidewalk,10453,40.85392628708836,-73.91604268510348,Closed,Bronx,Noise - Street/Sidewalk,Noise,2026-08-10,1,2026,8,Monday,False
2026-08-10,255,70010468,2026-08-10 00:56:58,2026-08-10 01:38:20,4,3,Partial Access,Street/Sidewalk,10468,40.86742179895113,-73.8987217017454,Closed,Bronx,Blocked Driveway,Parking,2026-08-10,1,2026,8,Monday,False
2026-08-10,256,70007792,2026-08-10 00:56:57,2026-08-10 01:26:41,8,3,Loud Music/Party,Street/Sidewalk,10453,40.8487241409771,-73.90764188396265,Closed,Bronx,Noise - Street/Sidewalk,Noise,2026-08-10,1,2026,8,Monday,False
2026-08-10,257,70007998,2026-08-10 00:56:52,2026-08-10 01:42:18,8,4,Loud Talking,Street/Sidewalk,11208,40.683851170807614,-73.87902558708264,Closed,Brooklyn,Noise - Street/Sidewalk,Noise,2026-08-10,1,2026,8,Monday,False
2026-08-10,258,70012066,2026-08-10 00:56:34,,1,4,Driver Complaint - Non Passenger,Street,11211,40.710641877616645,-73.95283450239151,In Progress,Brooklyn,For Hire Vehicle Complaint,Vehicle,2026-08-10,1,2026,8,Monday,False
2026-08-10,259,70010367,2026-08-10 00:56:30,2026-08-10 01:21:39,8,3,Loud Music/Party,Street/Sidewalk,10453,40.85460303828108,-73.91442238403131,Closed,Bronx,Noise - Street/Sidewalk,Noise,2026-08-10,1,2026,8,Monday,False
2026-08-10,260,70007274,2026-08-10 00:56:21,,6,1,Blocked Hydrant,Street/Sidewalk,11368,40.74121960647319,-73.86669879946285,In Progress,Queens,Illegal Parking,Parking,2026-08-10,1,2026,8,Monday,False
2026-08-10,261,70010690,2026-08-10 00:56:16,2026-08-10 01:00:10,6,4,Posted Parking Sign Violation,Street/Sidewalk,11201,40.69348938003249,-73.97916756098195,Closed,Brooklyn,Illegal Parking,Parking,2026-08-10,1,2026,8,Monday,False
2026-08-10,262,70007446,2026-08-10 00:56:09,2026-08-10 01:33:17,8,2,Loud Music/Party,Street/Sidewalk,10034,,,Closed,Manhattan,Noise - Street/Sidewalk,Noise,2026-08-10,1,2026,8,Monday,False
2026-08-10,263,70008131,2026-08-10 00:56:08,,31,4,Stoop Line Stand,Business,11220,40.63532076714877,-74.00975320335604,In Progress,Brooklyn,Consumer Complaint,Other,2026-08-10,1,2026,8,Monday,False
2026-08-10,264,70009196,2026-08-10 00:56:04,,6,4,Blocked Sidewalk,Street/Sidewalk,11229,40.60725384889838,-73.95895436607407,In Progress,Brooklyn,Illegal Parking,Parking,2026-08-10,1,2026,8,Monday,False
2026-08-10,265,70011025,2026-08-10 00:55:58,2026-08-10 01:48:58,3,3,Banging/Pounding,Residential Building/House,10473,40.81997621957901,-73.86357841506774,Closed,Bronx,Noise - Residential,Noise,2026-08-10,1,2026,8,Monday,False
2026-08-10,266,70005067,2026-08-10 00:55:52,,23,4,Odor,Plant,11235,40.59013007591668,-73.93214822560337,In Progress,Brooklyn,Waste Water Treatment Plant,Infrastructure,2026-08-10,1,2026,8,Monday,False
2026-08-10,267,70006663,2026-08-10 00:55:46,2026-08-10 01:01:16,4,4,No Access,Street/Sidewalk,11204,40.61048019783842,-73.9880174239483,Closed,Brooklyn,Blocked Driveway,Parking,2026-08-10,1,2026,8,Monday,False
2026-08-10,268,70004809,2026-08-10 00:55:45,2026-08-10 01:33:41,8,2,Loud Music/Party,Street/Sidewalk,10040,40.85656635214658,-73.92770115885772,Closed,Manhattan,Noise - Street/Sidewalk,Noise,2026-08-10,1,2026,8,Monday,False
2026-08-10,269,70011986,2026-08-10 00:55:39,2026-08-10 01:00:33,18,4,Car/Truck Music,Street/Sidewalk,11237,40.70575977369842,-73.92368087217129,Closed,Brooklyn,Noise - Vehicle,Noise,2026-08-10,1,2026,8,Monday,False
2026-08-10,270,70012651,2026-08-10 00:55:35,2026-08-10 01:34:04,8,2,Loud Music/Party,Street/Sidewalk,10040,40.85661423645417,-73.92968209691034,Closed,Manhattan,Noise - Street/Sidewalk,Noise,2026-08-10,1,2026,8,Monday,False
2026-08-10,271,70007315,2026-08-10 00:55:31,,4,1,No Access,Street/Sidewalk,11103,40.76498881298151,-73.90858107558826,In Progress,Queens,Blocked Driveway,Parking,2026-08-10,1,2026,8,Monday,False
2026-08-10,272,70007646,2026-08-10 00:55:30,,32,2,Asbestos Disturbance,,10022,40.76445372756687,-73.97287128479833,In Progress,Manhattan,Air Quality,Other,2026-08-10,1,2026,8,Monday,False
2026-08-10,273,70009838,2026-08-10 00:55:30,,6,1,Commercial Overnight Parking,Street/Sidewalk,11362,40.76103772334999,-73.72946994561498,In Progress,Queens,Illegal Parking,Parking,2026-08-10,1,2026,8,Monday,False
2026-08-10,274,70004216,2026-08-10 00:55:29,2026-08-10 01:11:53,6,4,Blocked Bike Lane,Street/Sidewalk,11222,40.73176348047373,-73.95452982564242,Closed,Brooklyn,Illegal Parking,Parking,2026-08-10,1,2026,8,Monday,False
2026-08-10,275,70004929,2026-08-10 00:55:28,,33,2,Trash,Sidewalk,10034,40.86501848791015,-73.92528411185657,In Progress,Manhattan,Dirty Condition,Sanitation,2026-08-10,1,2026,8,Monday,False
2026-08-10,276,70005146,2026-08-10 00:55:11,,3,3,Loud Music/Party,Residential Building/House,10459,40.82583681016263,-73.89880667614534,In Progress,Bronx,Noise - Residential,Noise,2026-08-10,1,2026,8,Monday,False
2026-08-10,277,70012902,2026-08-10 00:54:54,,2,2,Water Main Break,Street,10003,40.73168068114792,-73.98337717625607,In Progress,Manhattan,Water Maintenance,Infrastructure,2026-08-10,1,2026,8,Monday,False
2026-08-10,278,70008905,2026-08-10 00:54:45,,2,3,Water Main Break,Street,10452,40.83410632591946,-73.92756294810123,In Progress,Bronx,Water Maintenance,Infrastructure,2026-08-10,1,2026,8,Monday,False
2026-08-10,279,70011099,2026-08-10 00:54:36,,6,1,Blocked Hydrant,Street/Sidewalk,11419,40.68205972198631,-73.8298283640214,In Progress,Queens,Illegal Parking,Parking,2026-08-10,1,2026,8,Monday,False
2026-08-10,280,70008558,2026-08-10 00:54:26,,5,1,Loud Music/Party,Club/Bar/Restaurant,11103,40.76340207521901,-73.91540593976876,In Progress,Queens,Noise - Commercial,Noise,2026-08-10,1,2026,8,Monday,False
2026-08-10,281,70013151,2026-08-10 00:52:49,,6,4,Blocked Hydrant,Street/Sidewalk,11229,40.60599698257253,-73.95966100818124,In Progress,Brooklyn,Illegal Parking,Parking,2026-08-10,1,2026,8,Monday,False
2026-08-10,282,70005977,2026-08-10 00:43:28,,6,1,Blocked Bike Lane,Street/Sidewalk,11102,40.77507376272731,-73.92483623131241,In Progress,Queens,Illegal Parking,Parking,2026-08-10,1,2026,8,Monday,False
2026-08-10,283,70005542,2026-08-10 00:54:20,2026-08-10 00:55:36,6,4,Blocked Bike Lane,Street/Sidewalk,11222,40.732079147153065,-73.95458012488157,Closed,Brooklyn,Illegal Parking,Parking,2026-08-10,1,2026,8,Monday,False
2026-08-10,284,70010494,2026-08-10 00:54:17,,21,4,Unknown,Street/Sidewalk,11204,40.61061091126343,-73.98045759383864,In Progress,Brooklyn,Illegal Fireworks,Other,2026-08-10,1,2026,8,Monday,False
2026-08-10,285,70007945,2026-08-10 00:53:59,,3,4,Loud Music/Party,Residential Building/House,11236,40.645255265807336,-73.89718871806647,In Progress,Brooklyn,Noise - Residential,Noise,2026-08-10,1,2026,8,Monday,False
2026-08-10,286,70008966,2026-08-10 00:53:50,,14,4,Manhole Overflow,Sewer,11229,40.60874677483663,-73.95827996342706,In Progress,Brooklyn,Sewer Maintenance,Other,2026-08-10,1,2026,8,Monday,False
2026-08-10,287,70011792,2026-08-10 00:53:32,,18,3,Car/Truck Music,Street/Sidewalk,10463,40.877058946927896,-73.90924783110853,In Progress,Bronx,Noise - Vehicle,Noise,2026-08-10,1,2026,8,Monday,False
2026-08-10,288,70005489,2026-08-10 00:53:27,2026-08-10 01:17:20,8,4,Loud Music/Party,Street/Sidewalk,11221,40.696293379214005,-73.92008906171601,Closed,Brooklyn,Noise - Street/Sidewalk,Noise,2026-08-10,1,2026,8,Monday,False
2026-08-10,289,70007849,2026-08-10 00:53:26,,8,3,Loud Music/Party,Street/Sidewalk,10463,40.87534008021243,-73.9119006789391,In Progress,Bronx,Noise - Street/Sidewalk,Noise,2026-08-10,1,2026,8,Monday,False
2026-08-10,290,70013034,2026-08-10 00:53:17,2026-08-10 01:16:26,8,3,Loud Music/Party,Street/Sidewalk,10465,40.847088972060114,-73.8164159095378,Closed,Bronx,Noise - Street/Sidewalk,Noise,2026-08-10,1,2026,8,Monday,False
2026-08-10,291,70007782,2026-08-10 00:52:54,,8,3,Loud Music/Party,Street/Sidewalk,10453,40.845749925937085,-73.92413470328373,In Progress,Bronx,Noise - Street/Sidewalk,Noise,2026-08-10,1,2026,8,Monday,False
2026-08-10,292,70009185,2026-08-10 00:52:54,2026-08-10 01:06:43,6,3,Blocked Hydrant,Street/Sidewalk,10467,40.87531833657479,-73.88147960530536,Closed,Bronx,Illegal Parking,Parking,2026-08-10,1,2026,8,Monday,False
2026-08-10,293,70011803,2026-08-10 00:52:51,2026-08-10 01:03:02,18,3,Car/Truck Music,Street/Sidewalk,10463,40.87936774027384,-73.90989559266617,Closed,Bronx,Noise - Vehicle,Noise,2026-08-10,1,2026,8,Monday,False
2026-08-10,294,70006853,2026-08-10 00:52:43,2026-08-10 01:40:20,8,4,Loud Music/Party,Street/Sidewalk,11211,40.70812240596105,-73.95337731886062,Closed,Brooklyn,Noise - Street/Sidewalk,Noise,2026-08-10,1,2026,8,Monday,False
2026-08-10,295,70008487,2026-08-10 00:52:42,,8,1,Loud Music/Party,Street/Sidewalk,11377,40.7398974788418,-73.89392122746035,In Progress,Queens,Noise - Street/Sidewalk,Noise,2026-08-10,1,2026,8,Monday,False
2026-08-10,296,70004815,2026-08-10 00:51:37,2026-08-10 01:34:57,8,2,Loud Music/Party,Street/Sidewalk,10040,40.85656766459356,-73.92982674386413,Closed,Manhattan,Noise - Street/Sidewalk,Noise,2026-08-10,1,2026,8,Monday,False
2026-08-10,297,70012508,2026-08-10 00:51:17,,4,1,No Access,Street/Sidewalk,11101,40.75426033443074,-73.92476948173261,In Progress,Queens,Blocked Driveway,Parking,2026-08-10,1,2026,8,Monday,False
2026-08-10,298,70009730,2026-08-10 00:51:14,2026-08-10 01:17:23,3,1,Banging/Pounding,Residential Building/House,11419,40.68914603303429,-73.82751333855572,Closed,Queens,Noise - Residential,Noise,2026-08-10,1,2026,8,Monday,False
2026-08-10,299,70004215,2026-08-10 00:51:02,2026-08-10 00:54:39,6,4,Blocked Bike Lane,Street/Sidewalk,11222,40.73199130077962,-73.9545441029199,Closed,Brooklyn,Illegal Parking,Parking,2026-08-10,1,2026,8,Monday,False
2026-08-10,300,70006367,2026-08-10 00:50:43,2026-08-10 01:05:14,2,1,Fire Hydrant Emergency,Sidewalk,11356,40.79083152812076,-73.84526705932886,Closed,Queens,Water Maintenance,Infrastructure,2026-08-10,1,2026,8,Monday,False
2026-08-10,301,70009144,2026-08-10 00:50:40,,8,3,Loud Music/Party,Street/Sidewalk,10463,40.87514540014392,-73.91215405363715,In Progress,Bronx,Noise - Street/Sidewalk,Noise,2026-08-10,1,2026,8,Monday,False
2026-08-10,302,70006076,2026-08-10 00:50:23,,18,2,Car/Truck Music,Street/Sidewalk,10031,,,In Progress,Manhattan,Noise - Vehicle,Noise,2026-08-10,1,2026,8,Monday,False
2026-08-10,303,70006816,2026-08-10 00:50:11,2026-08-10 01:17:04,8,4,Loud Music/Party,Street/Sidewalk,11221,40.69621381352696,-73.92013603831477,Closed,Brooklyn,Noise - Street/Sidewalk,Noise,2026-08-10,1,2026,8,Monday,False
2026-08-10,304,70007857,2026-08-10 00:49:56,2026-08-10 01:42:47,3,3,Loud Music/Party,Residential Building/House,10468,40.87120448031532,-73.90247630969142,Closed,Bronx,Noise - Residential,Noise,2026-08-10,1,2026,8,Monday,False
2026-08-10,305,70005340,2026-08-10 00:49:55,2026-08-10 01:01:16,4,4,No Access,Street/Sidewalk,11204,40.61048019783842,-73.9880174239483,Closed,Brooklyn,Blocked Driveway,Parking,2026-08-10,1,2026,8,Monday,False
2026-08-10,306,70009862,2026-08-10 00:49:53,,6,1,Blocked Bike Lane,Street/Sidewalk,11102,40.766115855683736,-73.92626869412257,In Progress,Queens,Illegal Parking,Parking,2026-08-10,1,2026,8,Monday,False
2026-08-10,307,70008365,2026-08-10 00:49:49,,34,1,Entire Tree Has Fallen Down,Street,11375,40.72771842123655,-73.84912619279311,In Progress,Queens,Damaged Tree,Other,2026-08-10,1,2026,8,Monday,False
2026-08-10,308,70013653,2026-08-10 00:49:45,,3,1,Banging/Pounding,Residential Building/House,11101,40.75578044551614,-73.9430750123803,In Progress,Queens,Noise - Residential,Noise,2026-08-10,1,2026,8,Monday,False
2026-08-10,309,70008872,2026-08-10 00:49:24,,34,6,Tree Leaning/Uprooted,Street,Unknown,,,In Progress,Unknown,Damaged Tree,Other,2026-08-10,1,2026,8,Monday,False
2026-08-10,310,70006132,2026-08-10 00:49:15,2026-08-10 01:34:37,3,2,Banging/Pounding,Residential Building/House,10034,40.86859799549972,-73.9217801919704,Closed,Manhattan,Noise - Residential,Noise,2026-08-10,1,2026,8,Monday,False
2026-08-10,311,70007640,2026-08-10 00:49:12,,10,3,Lead Kit,Residential Building,10467,40.87937287999524,-73.87429425000688,In Progress,Bronx,Lead,Other,2026-08-10,1,2026,8,Monday,False
2026-08-10,312,70005532,2026-08-10 00:49:05,,6,4,Unauthorized Bus Layover,Street/Sidewalk,11206,40.70046266944557,-73.94903326359295,In Progress,Brooklyn,Illegal Parking,Parking,2026-08-10,1,2026,8,Monday,False
2026-08-10,313,70009145,2026-08-10 00:48:56,,8,3,Loud Music/Party,Street/Sidewalk,10463,40.87732238305897,-73.90917876616729,In Progress,Bronx,Noise - Street/Sidewalk,Noise,2026-08-10,1,2026,8,Monday,False
2026-08-10,314,70007325,2026-08-10 00:48:50,,4,1,Partial Access,Street/Sidewalk,11370,40.76334183171971,-73.8867940746172,In Progress,Queens,Blocked Driveway,Parking,2026-08-10,1,2026,8,Monday,False
2026-08-10,315,70007814,2026-08-10 00:48:47,,8,3,Loud Music/Party,Street/Sidewalk,10458,40.85408536600084,-73.8842068599034,In Progress,Bronx,Noise - Street/Sidewalk,Noise,2026-08-10,1,2026,8,Monday,False
2026-08-10,316,70012068,2026-08-10 00:48:43,,1,2,Driver Report - Non Passenger,Street,10017,40.75299916805917,-73.96988743145262,In Progress,Manhattan,For Hire Vehicle Complaint,Vehicle,2026-08-10,1,2026,8,Monday,False
2026-08-10,317,70011160,2026-08-10 00:48:41,,4,1,No Access,Street/Sidewalk,11373,40.74248450113681,-73.88405077331701,In Progress,Queens,Blocked Driveway,Parking,2026-08-10,1,2026,8,Monday,False
2026-08-10,318,70006695,2026-08-10 00:48:24,,6,4,Blocked Hydrant,Street/Sidewalk,11228,40.62005179092266,-74.00536717718985,In Progress,Brooklyn,Illegal Parking,Parking,2026-08-10,1,2026,8,Monday,False
2026-08-10,319,70009090,2026-08-10 00:48:23,2026-08-10 00:57:09,3,3,Loud Music/Party,Residential Building/House,10457,40.846660901271896,-73.9052194826106,Closed,Bronx,Noise - Residential,Noise,2026-08-10,1,2026,8,Monday,False
2026-08-10,320,70008409,2026-08-10 00:48:09,2026-08-10 01:21:42,19,1,Other (Complaint Details),Residential Building/House,11694,40.58037049613949,-73.83349306146374,Closed,Queens,Animal-Abuse,Other,2026-08-10,1,2026,8,Monday,False
2026-08-10,321,70010565,2026-08-10 00:48:07,,8,4,Loud Music/Party,Street/Sidewalk,11225,40.65711954944715,-73.96224669674267,In Progress,Brooklyn,Noise - Street/Sidewalk,Noise,2026-08-10,1,2026,8,Monday,False
2026-08-10,322,70005976,2026-08-10 00:48:06,,6,1,Blocked Bike Lane,Street/Sidewalk,11102,40.76634908924187,-73.92616013453505,In Progress,Queens,Illegal Parking,Parking,2026-08-10,1,2026,8,Monday,False
2026-08-10,323,70009290,2026-08-10 00:48:00,2026-08-10 00:56:47,3,4,Loud Music/Party,Residential Building/House,11212,40.66437640002097,-73.9152143272891,Closed,Brooklyn,Noise - Residential,Noise,2026-08-10,1,2026,8,Monday,False
2026-08-10,324,70009339,2026-08-10 00:47:35,2026-08-10 01:16:55,8,4,Loud Music/Party,Street/Sidewalk,11221,40.69622480510386,-73.92015405639475,Closed,Brooklyn,Noise - Street/Sidewalk,Noise,2026-08-10,1,2026,8,Monday,False
2026-08-10,325,70003968,2026-08-10 00:47:03,2026-08-10 01:00:09,8,3,Loud Music/Party,Street/Sidewalk,10468,40.86012027617597,-73.90442666178386,Closed,Bronx,Noise - Street/Sidewalk,Noise,2026-08-10,1,2026,8,Monday,False
2026-08-10,326,70009996,2026-08-10 00:47:01,2026-08-10 01:34:20,3,2,Banging/Pounding,Residential Building/House,10040,40.8611692009135,-73.92767807904268,Closed,Manhattan,Noise - Residential,Noise,2026-08-10,1,2026,8,Monday,False
2026-08-10,327,70011203,2026-08-10 00:46:57,,4,1,Partial Access,Street/Sidewalk,11370,40.76334183171971,-73.8867940746172,In Progress,Queens,Blocked Driveway,Parking,2026-08-10,1,2026,8,Monday,False
2026-08-10,328,70012067,2026-08-10 00:44:53,,1,2,Driver Report - Non Passenger,Street,10017,40.75299916805917,-73.96988743145262,In Progress,Manhattan,For Hire Vehicle Complaint,Vehicle,2026-08-10,1,2026,8,Monday,False
2026-08-10,329,70011947,2026-08-10 00:46:57,2026-08-10 01:16:25,3,4,Loud Music/Party,Residential Building/House,11207,40.67338582995605,-73.89047607545501,Closed,Brooklyn,Noise - Residential,Noise,2026-08-10,1,2026,8,Monday,False
2026-08-10,330,70011133,2026-08-10 00:46:55,,6,1,Parking Permit Improper Use,Street/Sidewalk,11377,40.749158606437625,-73.90044619832663,In Progress,Queens,Illegal Parking,Parking,2026-08-10,1,2026,8,Monday,False
2026-08-10,331,70008474,2026-08-10 00:46:42,2026-08-10 01:02:20,4,1,No Access,Street/Sidewalk,11420,40.67196954354853,-73.80535851322178,Closed,Queens,Blocked Driveway,Parking,2026-08-10,1,2026,8,Monday,False
2026-08-10,332,70013682,2026-08-10 00:46:18,2026-08-10 01:16:30,3,1,Loud Music/Party,Residential Building/House,11419,40.68914603303429,-73.82751333855572,Closed,Queens,Noise - Residential,Noise,2026-08-10,1,2026,8,Monday,False
2026-08-10,333,70005999,2026-08-10 00:46:04,,6,1,Posted Parking Sign Violation,Street/Sidewalk,11370,40.76334183171971,-73.8867940746172,In Progress,Queens,Illegal Parking,Parking,2026-08-10,1,2026,8,Monday,False
2026-08-10,334,70003860,2026-08-10 00:45:41,2026-08-10 00:53:32,8,3,Loud Talking,Street/Sidewalk,10458,40.86090070954676,-73.89599132625094,Closed,Bronx,Noise - Street/Sidewalk,Noise,2026-08-10,1,2026,8,Monday,False
2026-08-10,335,70004171,2026-08-10 00:45:38,2026-08-10 01:17:59,3,4,Loud Music/Party,Residential Building/House,11221,40.69625771978034,-73.92012156071634,Closed,Brooklyn,Noise - Residential,Noise,2026-08-10,1,2026,8,Monday,False
2026-08-10,336,70008083,2026-08-10 00:45:34,,6,4,Commercial Overnight Parking,Street/Sidewalk,11206,40.69985904659898,-73.94954584024374,In Progress,Brooklyn,Illegal Parking,Parking,2026-08-10,1,2026,8,Monday,False
2026-08-10,337,70007314,2026-08-10 00:45:34,,6,1,Blocked Bike Lane,Street/Sidewalk,11102,40.77509299942888,-73.9248723148012,In Progress,Queens,Illegal Parking,Parking,2026-08-10,1,2026,8,Monday,False
2026-08-10,338,70013849,2026-08-10 00:45:22,2026-08-10 01:06:46,6,5,Commercial Overnight Parking,Street/Sidewalk,10312,40.55934650473891,-74.180223803675,Closed,Staten Island,Illegal Parking,Parking,2026-08-10,1,2026,8,Monday,False
2026-08-10,339,70011066,2026-08-10 00:44:48,2026-08-10 01:17:27,3,1,Loud Music/Party,Residential Building/House,11419,40.68914603303429,-73.82751333855572,Closed,Queens,Noise - Residential,Noise,2026-08-10,1,2026,8,Monday,False
2026-08-10,340,70006813,2026-08-10 00:44:41,2026-08-10 01:16:38,8,4,Loud Music/Party,Street/Sidewalk,11221,40.696282387627015,-73.9200710436282,Closed,Brooklyn,Noise - Street/Sidewalk,Noise,2026-08-10,1,2026,8,Monday,False
2026-08-10,341,70012031,2026-08-10 00:44:31,,6,4,Commercial Overnight Parking,Street/Sidewalk,11206,40.70058059674309,-73.94881317791204,In Progress,Brooklyn,Illegal Parking,Parking,2026-08-10,1,2026,8,Monday,False
2026-08-10,342,70009678,2026-08-10 00:44:10,2026-08-10 01:21:58,3,2,Loud Music/Party,Residential Building/House,10009,40.723358175864696,-73.98078169650918,Closed,Manhattan,Noise - Residential,Noise,2026-08-10,1,2026,8,Monday,False
2026-08-10,343,70005261,2026-08-10 00:44:01,,8,3,Loud Music/Party,Street/Sidewalk,10458,40.85411015171668,-73.88428995741315,In Progress,Bronx,Noise - Street/Sidewalk,Noise,2026-08-10,1,2026,8,Monday,False
2026-08-10,344,70011905,2026-08-10 00:43:58,,3,4,Loud Music/Party,Residential Building/House,11226,40.64298059595477,-73.96053228551497,In Progress,Brooklyn,Noise - Residential,Noise,2026-08-10,1,2026,8,Monday,False
2026-08-10,345,70011754,2026-08-10 00:43:44,,8,3,Loud Music/Party,Street/Sidewalk,10458,40.85442652936631,-73.88230486613621,In Progress,Bronx,Noise - Street/Sidewalk,Noise,2026-08-10,1,2026,8,Monday,False
2026-08-10,346,70010562,2026-08-10 00:43:44,2026-08-10 01:30:47,3,4,Banging/Pounding,Residential Building/House,11230,40.61728023021759,-73.95797926731956,Closed,Brooklyn,Noise - Residential,Noise,2026-08-10,1,2026,8,Monday,False
2026-08-10,347,70006739,2026-08-10 00:43:42,,25,1,Failed Street Repair,Street,11429,40.70401974919182,-73.73616812222521,In Progress,Queens,Street Condition,Transportation,2026-08-10,1,2026,8,Monday,False
2026-08-10,348,70010655,2026-08-10 00:43:33,2026-08-10 01:28:49,3,4,Loud Talking,Residential Building/House,11221,40.69237873439816,-73.92323461535153,Closed,Brooklyn,Noise - Residential,Noise,2026-08-10,1,2026,8,Monday,False
2026-08-10,349,70009247,2026-08-10 00:43:29,,3,4,Loud Music/Party,Residential Building/House,11236,40.64072697938386,-73.883442084993,In Progress,Brooklyn,Noise - Residential,Noise,2026-08-10,1,2026,8,Monday,False
2026-08-10,350,70008345,2026-08-10 00:43:25,,34,3,Branch Or Limb Has Fallen Down,Street,10472,40.83083949492544,-73.86801887342672,In Progress,Bronx,Damaged Tree,Other,2026-08-10,1,2026,8,Monday,False
2026-08-10,351,70005162,2026-08-10 00:43:19,2026-08-10 01:11:46,18,3,Car/Truck Music,Street/Sidewalk,10473,40.82238201112621,-73.87964088752405,Closed,Bronx,Noise - Vehicle,Noise,2026-08-10,1,2026,8,Monday,False
2026-08-10,352,70006849,2026-08-10 00:43:18,,6,4,Commercial Overnight Parking,Street/Sidewalk,11206,40.7007997440917,-73.94784646874898,In Progress,Brooklyn,Illegal Parking,Parking,2026-08-10,1,2026,8,Monday,False
2026-08-10,353,70011734,2026-08-10 00:43:15,2026-08-10 00:51:19,3,3,Loud Music/Party,Residential Building/House,10457,40.846660901271896,-73.9052194826106,Closed,Bronx,Noise - Residential,Noise,2026-08-10,1,2026,8,Monday,False
2026-08-10,354,70013307,2026-08-10 00:42:54,2026-08-10 01:16:21,8,4,Loud Music/Party,Street/Sidewalk,11221,40.696249472964894,-73.92010353934359,Closed,Brooklyn,Noise - Street/Sidewalk,Noise,2026-08-10,1,2026,8,Monday,False
2026-08-10,355,70009676,2026-08-10 00:42:50,2026-08-10 01:01:10,8,2,Loud Music/Party,Street/Sidewalk,10038,40.71157103533941,-73.9999026088922,Closed,Manhattan,Noise - Street/Sidewalk,Noise,2026-08-10,1,2026,8,Monday,False
2026-08-10,356,70007269,2026-08-10 00:42:47,,4,1,No Access,Street/Sidewalk,11356,40.78445525216151,-73.84305025944559,In Progress,Queens,Blocked Driveway,Parking,2026-08-10,1,2026,8,Monday,False
2026-08-10,357,70007219,2026-08-10 00:42:44,,6,1,License Plate Obscured,Street/Sidewalk,11417,40.67744405011171,-73.83241067704685,In Progress,Queens,Illegal Parking,Parking,2026-08-10,1,2026,8,Monday,False
2026-08-10,358,70008383,2026-08-10 00:42:31,2026-08-10 00:54:05,8,4,Loud Music/Party,Street/Sidewalk,11205,40.68938640574804,-73.96009374733582,Closed,Brooklyn,Noise - Street/Sidewalk,Noise,2026-08-10,1,2026,8,Monday,False
2026-08-10,359,70005394,2026-08-10 00:42:19,,3,4,Loud Music/Party,Residential Building/House,11226,40.64298059595477,-73.96053228551497,In Progress,Brooklyn,Noise - Residential,Noise,2026-08-10,1,2026,8,Monday,False
2026-08-10,360,70011682,2026-08-10 00:42:19,,8,3,Loud Music/Party,Street/Sidewalk,10451,40.82586564519824,-73.92591342579004,In Progress,Bronx,Noise - Street/Sidewalk,Noise,2026-08-10,1,2026,8,Monday,False
2026-08-10,361,70008695,2026-08-10 00:42:16,2026-08-10 01:35:16,21,2,Unknown,Street/Sidewalk,10040,40.86110687463308,-73.92896876952953,Closed,Manhattan,Illegal Fireworks,Other,2026-08-10,1,2026,8,Monday,False
2026-08-10,362,70013315,2026-08-10 00:42:14,2026-08-10 00:55:25,3,4,Loud Music/Party,Residential Building/House,11221,40.6963866185828,-73.91996994344532,Closed,Brooklyn,Noise - Residential,Noise,2026-08-10,1,2026,8,Monday,False
2026-08-10,363,70009146,2026-08-10 00:42:08,,3,3,Loud Talking,Residential Building/House,10463,40.8781272813788,-73.91742241045144,In Progress,Bronx,Noise - Residential,Noise,2026-08-10,1,2026,8,Monday,False
2026-08-10,364,70007191,2026-08-10 00:41:57,2026-08-10 01:23:16,3,1,Banging/Pounding,Residential Building/House,11432,40.70609407732761,-73.79981262069354,Closed,Queens,Noise - Residential,Noise,2026-08-10,1,2026,8,Monday,False
2026-08-10,365,70013251,2026-08-10 00:41:54,2026-08-10 00:56:47,3,4,Loud Music/Party,Residential Building/House,11212,40.66437640002097,-73.9152143272891,Closed,Brooklyn,Noise - Residential,Noise,2026-08-10,1,2026,8,Monday,False
2026-08-10,366,70012574,2026-08-10 00:41:54,,3,2,Loud Music/Party,Residential Building/House,10019,40.76718216596653,-73.99191339844337,In Progress,Manhattan,Noise - Residential,Noise,2026-08-10,1,2026,8,Monday,False
2026-08-10,367,70007876,2026-08-10 00:41:41,2026-08-10 01:18:24,3,3,Loud Music/Party,Residential Building/House,10458,40.87123560220135,-73.88555820825009,Closed,Bronx,Noise - Residential,Noise,2026-08-10,1,2026,8,Monday,False
2026-08-10,368,70005351,2026-08-10 00:41:25,2026-08-10 00:56:43,8,4,Loud Music/Party,Street/Sidewalk,11203,40.63668048006255,-73.92559381962228,Closed,Brooklyn,Noise - Street/Sidewalk,Noise,2026-08-10,1,2026,8,Monday,False
2026-08-10,369,70007740,2026-08-10 00:41:22,,18,3,Car/Truck Music,Street/Sidewalk,10460,40.83807329788973,-73.86456043697873,In Progress,Bronx,Noise - Vehicle,Noise,2026-08-10,1,2026,8,Monday,False
2026-08-10,370,70012507,2026-08-10 00:41:22,,6,1,Blocked Bike Lane,Street/Sidewalk,11106,40.76152904304947,-73.92572869413621,In Progress,Queens,Illegal Parking,Parking,2026-08-10,1,2026,8,Monday,False
2026-08-10,371,70007418,2026-08-10 00:41:19,,6,2,Blocked Sidewalk,Street/Sidewalk,10032,40.8388546139094,-73.93679149773955,In Progress,Manhattan,Illegal Parking,Parking,2026-08-10,1,2026,8,Monday,False
2026-08-10,372,70006602,2026-08-10 00:41:13,,3,3,Loud Talking,Residential Building/House,10468,40.87037583951205,-73.90278124333975,In Progress,Bronx,Noise - Residential,Noise,2026-08-10,1,2026,8,Monday,False
2026-08-10,373,70007417,2026-08-10 00:40:56,,8,2,Loud Music/Party,Street/Sidewalk,10032,40.84399042392448,-73.93763596867582,In Progress,Manhattan,Noise - Street/Sidewalk,Noise,2026-08-10,1,2026,8,Monday,False
2026-08-10,374,70006362,2026-08-10 00:40:46,2026-08-10 01:05:14,2,3,Fire Hydrant Emergency,Sidewalk,10467,,,Closed,Bronx,Water Maintenance,Infrastructure,2026-08-10,1,2026,8,Monday,False
2026-08-10,375,70013731,2026-08-10 00:40:33,,3,1,Loud Music/Party,Residential Building/House,11365,40.73410221047962,-73.80492443747828,In Progress,Queens,Noise - Residential,Noise,2026-08-10,1,2026,8,Monday,False
2026-08-10,376,70009348,2026-08-10 00:40:32,2026-08-10 00:54:19,35,4,Unknown,Street/Sidewalk,11237,40.70637382717906,-73.92252238692143,Closed,Brooklyn,Urinating In Public,Other,2026-08-10,1,2026,8,Monday,False
2026-08-10,377,70004164,2026-08-10 00:39:51,2026-08-10 00:56:24,8,4,Loud Music/Party,Street/Sidewalk,11221,40.69636195078083,-73.92002046064984,Closed,Brooklyn,Noise - Street/Sidewalk,Noise,2026-08-10,1,2026,8,Monday,False
2026-08-10,378,70005903,2026-08-10 00:39:47,,6,1,Blocked Crosswalk,Street/Sidewalk,11417,40.67651123783448,-73.83269422581607,In Progress,Queens,Illegal Parking,Parking,2026-08-10,1,2026,8,Monday,False
2026-08-10,379,70010728,2026-08-10 00:39:17,,36,2,Allowed In Smoke Free Area,Residential Building,10019,40.76718216596653,-73.99191339844337,In Progress,Manhattan,Smoking Or Vaping,Other,2026-08-10,1,2026,8,Monday,False
2026-08-10,380,70003851,2026-08-10 00:39:12,2026-08-10 01:21:42,5,3,Loud Music/Party,Store/Commercial,10465,40.84474056330526,-73.81536339866841,Closed,Bronx,Noise - Commercial,Noise,2026-08-10,1,2026,8,Monday,False
2026-08-10,381,70004030,2026-08-10 00:39:10,,3,4,Banging/Pounding,Residential Building/House,11232,40.64485380123782,-73.997798279034,In Progress,Brooklyn,Noise - Residential,Noise,2026-08-10,1,2026,8,Monday,False
2026-08-10,382,70006121,2026-08-10 00:39:09,2026-08-10 01:49:31,8,2,Loud Music/Party,Street/Sidewalk,10040,40.85668814238739,-73.92935305837368,Closed,Manhattan,Noise - Street/Sidewalk,Noise,2026-08-10,1,2026,8,Monday,False
2026-08-10,383,70013719,2026-08-10 00:39:09,,12,1,With License Plate,Vacant Lot,11420,40.66894478249314,-73.8136403133372,In Progress,Queens,Abandoned Vehicle,Vehicle,2026-08-10,1,2026,8,Monday,False
2026-08-10,384,70004814,2026-08-10 00:39:07,2026-08-10 01:37:58,8,2,Loud Music/Party,Street/Sidewalk,10040,40.86103107825989,-73.92627553723854,Closed,Manhattan,Noise - Street/Sidewalk,Noise,2026-08-10,1,2026,8,Monday,False
2026-08-10,385,70006479,2026-08-10 00:39:05,,3,3,Loud Music/Party,Residential Building/House,10451,40.82586564519824,-73.92591342579004,In Progress,Bronx,Noise - Residential,Noise,2026-08-10,1,2026,8,Monday,False
2026-08-10,386,70008691,2026-08-10 00:39:04,2026-08-10 01:34:57,3,2,Loud Music/Party,Residential Building/House,10034,40.86390568930256,-73.92345961441495,Closed,Manhattan,Noise - Residential,Noise,2026-08-10,1,2026,8,Monday,False
2026-08-10,387,70013335,2026-08-10 00:38:51,2026-08-10 00:39:57,6,4,Blocked Bike Lane,Street/Sidewalk,11205,40.68801424496075,-73.96984826846415,Closed,Brooklyn,Illegal Parking,Parking,2026-08-10,1,2026,8,Monday,False
2026-08-10,388,70010439,2026-08-10 00:38:07,2026-08-10 01:11:50,8,3,Loud Music/Party,Street/Sidewalk,10463,40.877058946927896,-73.90924783110853,Closed,Bronx,Noise - Street/Sidewalk,Noise,2026-08-10,1,2026,8,Monday,False
2026-08-10,389,70006632,2026-08-10 00:38:05,2026-08-10 01:15:02,4,3,No Access,Street/Sidewalk,10468,40.86656965932709,-73.90040058589278,Closed,Bronx,Blocked Driveway,Parking,2026-08-10,1,2026,8,Monday,False
2026-08-10,390,70006779,2026-08-10 00:37:52,2026-08-10 01:42:00,6,4,Blocked Hydrant,Street/Sidewalk,11207,40.68372353585663,-73.89435311692665,Closed,Brooklyn,Illegal Parking,Parking,2026-08-10,1,2026,8,Monday,False
2026-08-10,391,70007440,2026-08-10 00:37:45,,8,2,Loud Music/Party,Street/Sidewalk,10033,40.85126874897124,-73.92718279215555,In Progress,Manhattan,Noise - Street/Sidewalk,Noise,2026-08-10,1,2026,8,Monday,False
2026-08-10,392,70008072,2026-08-10 00:37:43,2026-08-10 00:45:57,6,4,Posted Parking Sign Violation,Street/Sidewalk,11205,40.69383498754653,-73.97791612982495,Closed,Brooklyn,Illegal Parking,Parking,2026-08-10,1,2026,8,Monday,False
2026-08-10,393,70011839,2026-08-10 00:37:29,2026-08-10 01:27:59,5,2,Loud Music/Party,Club/Bar/Restaurant,10014,40.73566450769591,-74.00161294691199,Closed,Manhattan,Noise - Commercial,Noise,2026-08-10,1,2026,8,Monday,False
2026-08-10,394,70006601,2026-08-10 00:37:26,,8,3,Loud Music/Party,Street/Sidewalk,10463,40.87732238305897,-73.90917876616729,In Progress,Bronx,Noise - Street/Sidewalk,Noise,2026-08-10,1,2026,8,Monday,False
2026-08-10,395,70011711,2026-08-10 00:37:23,2026-08-10 01:00:09,6,3,Blocked Hydrant,Street/Sidewalk,10461,40.844696536885344,-73.82770998372709,Closed,Bronx,Illegal Parking,Parking,2026-08-10,1,2026,8,Monday,False
2026-08-10,396,70008730,2026-08-10 00:37:22,,17,1,Blocking Sidewalk Or Street,Street,11372,40.75480699445773,-73.8748108584922,In Progress,Queens,Dumpster Complaint,Other,2026-08-10,1,2026,8,Monday,False
2026-08-10,397,70010414,2026-08-10 00:37:20,,8,3,Loud Music/Party,Street/Sidewalk,10462,40.85289148431749,-73.86887880260635,In Progress,Bronx,Noise - Street/Sidewalk,Noise,2026-08-10,1,2026,8,Monday,False
2026-08-10,398,70003832,2026-08-10 00:37:17,,8,3,Loud Music/Party,Street/Sidewalk,10452,40.84043357320546,-73.91640666366692,In Progress,Bronx,Noise - Street/Sidewalk,Noise,2026-08-10,1,2026,8,Monday,False
2026-08-10,399,70009010,2026-08-10 00:37:16,,18,3,Car/Truck Music,Street/Sidewalk,10460,40.83777132923635,-73.86451768463363,In Progress,Bronx,Noise - Vehicle,Noise,2026-08-10,1,2026,8,Monday,False
2026-08-10,400,70009201,2026-08-10 00:37:14,,6,4,Commercial Overnight Parking,Street/Sidewalk,11214,40.60727755727434,-73.99546578313624,In Progress,Brooklyn,Illegal Parking,Parking,2026-08-10,1,2026,8,Monday,False
2026-08-10,401,70012475,2026-08-10 00:34:34,,4,1,Partial Access,Street/Sidewalk,11373,40.743830572136176,-73.89083663540193,In Progress,Queens,Blocked Driveway,Parking,2026-08-10,1,2026,8,Monday,False
2026-08-10,402,70004762,2026-08-10 00:37:13,2026-08-10 01:29:15,8,2,Loud Music/Party,Street/Sidewalk,10031,40.824150659391215,-73.95291302756016,Closed,Manhattan,Noise - Street/Sidewalk,Noise,2026-08-10,1,2026,8,Monday,False
2026-08-10,403,70013894,2026-08-10 00:37:03,2026-08-10 01:28:49,8,2,Loud Music/Party,Street/Sidewalk,10031,40.82416166479311,-73.95297805704422,Closed,Manhattan,Noise - Street/Sidewalk,Noise,2026-08-10,1,2026,8,Monday,False
2026-08-10,404,70011987,2026-08-10 00:36:47,2026-08-10 00:55:48,18,4,Car/Truck Music,Street/Sidewalk,11221,40.69636195078083,-73.92002046064984,Closed,Brooklyn,Noise - Vehicle,Noise,2026-08-10,1,2026,8,Monday,False
2026-08-10,405,70005302,2026-08-10 00:36:46,2026-08-10 01:00:09,8,3,Loud Music/Party,Street/Sidewalk,10468,40.86012027617597,-73.90442666178386,Closed,Bronx,Noise - Street/Sidewalk,Noise,2026-08-10,1,2026,8,Monday,False
2026-08-10,406,70005997,2026-08-10 00:36:40,,3,1,Banging/Pounding,Residential Building/House,11372,40.74932873873501,-73.87761100776179,In Progress,Queens,Noise - Residential,Noise,2026-08-10,1,2026,8,Monday,False
2026-08-10,407,70005452,2026-08-10 00:36:34,2026-08-10 01:06:51,3,4,Loud Music/Party,Residential Building/House,11207,40.66414442875966,-73.88790681113352,Closed,Brooklyn,Noise - Residential,Noise,2026-08-10,1,2026,8,Monday,False
2026-08-10,408,70005234,2026-08-10 00:35:53,2026-08-10 01:21:41,3,3,Banging/Pounding,Residential Building/House,10453,40.85410506973541,-73.90586315518559,Closed,Bronx,Noise - Residential,Noise,2026-08-10,1,2026,8,Monday,False
2026-08-10,409,70005046,2026-08-10 00:35:49,,2,4,Fire Hydrant Fender Request,Sidewalk,11209,40.6330265956687,-74.02485954578253,In Progress,Brooklyn,Water Maintenance,Infrastructure,2026-08-10,1,2026,8,Monday,False
2026-08-10,410,70012655,2026-08-10 00:35:39,2026-08-10 01:32:36,8,2,Loud Music/Party,Street/Sidewalk,10034,40.86356518841314,-73.92322139496197,Closed,Manhattan,Noise - Street/Sidewalk,Noise,2026-08-10,1,2026,8,Monday,False
2026-08-10,411,70005978,2026-08-10 00:35:36,,6,1,Blocked Bike Lane,Street/Sidewalk,11106,40.75687135096078,-73.93034686989846,In Progress,Queens,Illegal Parking,Parking,2026-08-10,1,2026,8,Monday,False
2026-08-10,412,70004778,2026-08-10 00:35:35,2026-08-10 00:43:21,5,2,Loud Music/Party,Store/Commercial,10033,40.84510706287504,-73.93679639961515,Closed,Manhattan,Noise - Commercial,Noise,2026-08-10,1,2026,8,Monday,False
2026-08-10,413,70009159,2026-08-10 00:35:34,2026-08-10 01:03:09,8,3,Loud Music/Party,Street/Sidewalk,10463,40.87936774027384,-73.90989559266617,Closed,Bronx,Noise - Street/Sidewalk,Noise,2026-08-10,1,2026,8,Monday,False
2026-08-10,414,70004803,2026-08-10 00:35:21,2026-08-10 01:35:37,18,2,Car/Truck Music,Street/Sidewalk,10033,,,Closed,Manhattan,Noise - Vehicle,Noise,2026-08-10,1,2026,8,Monday,False
2026-08-10,415,70013023,2026-08-10 00:35:04,,5,3,Loud Music/Party,Store/Commercial,10452,40.84276723569249,-73.91732173631907,In Progress,Bronx,Noise - Commercial,Noise,2026-08-10,1,2026,8,Monday,False
2026-08-10,416,70012026,2026-08-10 00:34:57,,8,2,Loud Music/Party,Street/Sidewalk,10003,40.7329409168234,-73.98637169685747,In Progress,Manhattan,Noise - Street/Sidewalk,Noise,2026-08-10,1,2026,8,Monday,False
2026-08-10,417,70008675,2026-08-10 00:34:46,2026-08-10 01:40:27,18,2,Car/Truck Music,Street/Sidewalk,10034,40.86444153537572,-73.9203353169902,Closed,Manhattan,Noise - Vehicle,Noise,2026-08-10,1,2026,8,Monday,False
2026-08-10,418,70011713,2026-08-10 00:34:35,,8,3,Loud Music/Party,Street/Sidewalk,10457,40.84735253736236,-73.90190043834082,In Progress,Bronx,Noise - Street/Sidewalk,Noise,2026-08-10,1,2026,8,Monday,False
2026-08-10,419,70013203,2026-08-10 00:34:34,,8,4,Loud Music/Party,Street/Sidewalk,11236,,,In Progress,Brooklyn,Noise - Street/Sidewalk,Noise,2026-08-10,1,2026,8,Monday,False
2026-08-10,420,70009861,2026-08-10 00:34:27,,6,1,Blocked Bike Lane,Street/Sidewalk,11106,40.76345211006207,-73.92419595669206,In Progress,Queens,Illegal Parking,Parking,2026-08-10,1,2026,8,Monday,False
2026-08-10,421,70013094,2026-08-10 00:34:23,,4,3,Partial Access,Street/Sidewalk,10462,40.8530959531755,-73.8629646566343,In Progress,Bronx,Blocked Driveway,Parking,2026-08-10,1,2026,8,Monday,False
2026-08-10,422,70009119,2026-08-10 00:34:01,,8,3,Loud Music/Party,Street/Sidewalk,10462,40.85272673247533,-73.86881767686059,In Progress,Bronx,Noise - Street/Sidewalk,Noise,2026-08-10,1,2026,8,Monday,False
2026-08-10,423,70007962,2026-08-10 00:33:37,2026-08-10 01:34:34,3,4,Loud Music/Party,Residential Building/House,11226,40.64587613405847,-73.95992518022274,Closed,Brooklyn,Noise - Residential,Noise,2026-08-10,1,2026,8,Monday,False
2026-08-10,424,70006130,2026-08-10 00:33:36,2026-08-10 01:36:38,3,2,Loud Music/Party,Residential Building/House,10034,40.864224579957295,-73.9242257035593,Closed,Manhattan,Noise - Residential,Noise,2026-08-10,1,2026,8,Monday,False
2026-08-10,425,70013117,2026-08-10 00:33:30,,8,3,Loud Music/Party,Street/Sidewalk,10463,40.87732238305897,-73.90917876616729,In Progress,Bronx,Noise - Street/Sidewalk,Noise,2026-08-10,1,2026,8,Monday,False
2026-08-10,426,70005491,2026-08-10 00:33:01,2026-08-10 00:55:03,8,4,Loud Music/Party,Street/Sidewalk,11237,40.70681623411932,-73.92326848491754,Closed,Brooklyn,Noise - Street/Sidewalk,Noise,2026-08-10,1,2026,8,Monday,False
2026-08-10,427,70006465,2026-08-10 00:32:58,2026-08-10 00:38:07,3,3,Loud Music/Party,Residential Building/House,10473,40.82238201112621,-73.87964088752405,Closed,Bronx,Noise - Residential,Noise,2026-08-10,1,2026,8,Monday,False
2026-08-10,428,70013018,2026-08-10 00:32:55,,18,3,Car/Truck Music,Street/Sidewalk,10452,40.84204024488672,-73.91782139308187,In Progress,Bronx,Noise - Vehicle,Noise,2026-08-10,1,2026,8,Monday,False
2026-08-10,429,70007313,2026-08-10 00:32:53,,6,1,Blocked Bike Lane,Street/Sidewalk,11106,40.76345211006207,-73.92419595669206,In Progress,Queens,Illegal Parking,Parking,2026-08-10,1,2026,8,Monday,False
2026-08-10,430,70009849,2026-08-10 00:32:39,,3,1,Loud Music/Party,Residential Building/House,11434,,,In Progress,Queens,Noise - Residential,Noise,2026-08-10,1,2026,8,Monday,False
2026-08-10,431,70007843,2026-08-10 00:32:33,,18,3,Car/Truck Music,Street/Sidewalk,10463,40.877058946927896,-73.90924783110853,In Progress,Bronx,Noise - Vehicle,Noise,2026-08-10,1,2026,8,Monday,False
2026-08-10,432,70005232,2026-08-10 00:32:30,2026-08-10 00:51:11,3,3,Loud Music/Party,Residential Building/House,10457,40.846660901271896,-73.9052194826106,Closed,Bronx,Noise - Residential,Noise,2026-08-10,1,2026,8,Monday,False
2026-08-10,433,70007310,2026-08-10 00:32:28,,3,1,Banging/Pounding,Residential Building/House,11103,40.767203111956434,-73.91118452327245,In Progress,Queens,Noise - Residential,Noise,2026-08-10,1,2026,8,Monday,False
2026-08-10,434,70013730,2026-08-10 00:32:14,,3,1,Loud Talking,Residential Building/House,11365,40.73410221047962,-73.80492443747828,In Progress,Queens,Noise - Residential,Noise,2026-08-10,1,2026,8,Monday,False
2026-08-10,435,70005599,2026-08-10 00:32:00,,37,1,Street Light Out,,11414,40.649461092395775,-73.84420388868998,Open,Queens,Street Light Condition,Transportation,2026-08-10,1,2026,8,Monday,False
2026-08-10,436,70013096,2026-08-10 00:31:57,2026-08-10 01:01:29,38,3,Use Indoor,Lobby,10462,40.85399291289473,-73.86481720417432,Closed,Bronx,Drug Activity,Other,2026-08-10,1,2026,8,Monday,False
2026-08-10,437,70013948,2026-08-10 00:31:52,2026-08-10 01:35:48,3,2,Loud Music/Party,Residential Building/House,10040,40.86152615415576,-73.92790544925118,Closed,Manhattan,Noise - Residential,Noise,2026-08-10,1,2026,8,Monday,False
2026-08-10,438,70013741,2026-08-10 00:31:43,,6,1,Blocked Hydrant,Street/Sidewalk,11377,40.74153228516624,-73.89575906299117,In Progress,Queens,Illegal Parking,Parking,2026-08-10,1,2026,8,Monday,False
2026-08-10,439,70005839,2026-08-10 00:31:31,2026-08-10 00:39:20,8,2,Loud Music/Party,Street/Sidewalk,10027,40.811670525661896,-73.94684201340073,Closed,Manhattan,Noise - Street/Sidewalk,Noise,2026-08-10,1,2026,8,Monday,False
2026-08-10,440,70011135,2026-08-10 00:31:29,2026-08-10 00:46:07,6,1,Blocked Bike Lane,Street/Sidewalk,11377,40.73705504048752,-73.91895763790055,Closed,Queens,Illegal Parking,Parking,2026-08-10,1,2026,8,Monday,False
2026-08-10,441,70004617,2026-08-10 00:31:12,,4,1,No Access,Street/Sidewalk,11435,40.71133059954296,-73.81596019134983,In Progress,Queens,Blocked Driveway,Parking,2026-08-10,1,2026,8,Monday,False
2026-08-10,442,70010033,2026-08-10 00:30:59,,33,2,Trash,Yard,10013,40.72171284280231,-74.0043471905032,In Progress,Manhattan,Dirty Condition,Sanitation,2026-08-10,1,2026,8,Monday,False
2026-08-10,443,70013056,2026-08-10 00:30:58,2026-08-10 01:10:43,8,3,Loud Music/Party,Street/Sidewalk,10453,40.8487241409771,-73.90764188396265,Closed,Bronx,Noise - Street/Sidewalk,Noise,2026-08-10,1,2026,8,Monday,False
2026-08-10,444,70013118,2026-08-10 00:30:51,2026-08-10 01:16:36,8,3,Loud Music/Party,Street/Sidewalk,10463,40.87970084316435,-73.9010571445122,Closed,Bronx,Noise - Street/Sidewalk,Noise,2026-08-10,1,2026,8,Monday,False
2026-08-10,445,70009886,2026-08-10 00:30:39,2026-08-10 01:22:46,3,5,Loud Music/Party,Residential Building/House,10310,40.639886544870905,-74.11435128478603,Closed,Staten Island,Noise - Residential,Noise,2026-08-10,1,2026,8,Monday,False
2026-08-10,446,70004021,2026-08-10 00:30:18,2026-08-10 00:31:01,8,4,Loud Music/Party,Street/Sidewalk,11203,40.63668048006255,-73.92559381962228,Closed,Brooklyn,Noise - Street/Sidewalk,Noise,2026-08-10,1,2026,8,Monday,False
2026-08-10,447,70006805,2026-08-10 00:30:15,,6,4,Blocked Bike Lane,Street/Sidewalk,11221,40.68930759041607,-73.92361676797067,In Progress,Brooklyn,Illegal Parking,Parking,2026-08-10,1,2026,8,Monday,False
2026-08-10,448,70009951,2026-08-10 00:30:03,,8,2,Loud Music/Party,Street/Sidewalk,10032,40.83899501529173,-73.93756475772915,In Progress,Manhattan,Noise - Street/Sidewalk,Noise,2026-08-10,1,2026,8,Monday,False
2026-08-10,449,70006680,2026-08-10 00:29:59,,3,4,Banging/Pounding,Residential Building/House,11232,40.64485380123782,-73.997798279034,In Progress,Brooklyn,Noise - Residential,Noise,2026-08-10,1,2026,8,Monday,False
2026-08-10,450,70006346,2026-08-10 00:29:43,,2,4,Water Main Break,Street,11215,40.6594849779193,-73.98285092295778,In Progress,Brooklyn,Water Maintenance,Infrastructure,2026-08-10,1,2026,8,Monday,False
2026-08-10,451,70005150,2026-08-10 00:29:40,,3,3,Loud Music/Party,Residential Building/House,10456,,,In Progress,Bronx,Noise - Residential,Noise,2026-08-10,1,2026,8,Monday,False
2026-08-10,452,70004496,2026-08-10 00:29:38,,39,1,Planted More Than 2 Years Ago,Street,11365,40.7339148048145,-73.78743556874642,In Progress,Queens,Dead/Dying Tree,Other,2026-08-10,1,2026,8,Monday,False
2026-08-10,453,70006457,2026-08-10 00:29:00,,8,3,Loud Music/Party,Street/Sidewalk,10473,40.81461368714837,-73.84870521634474,In Progress,Bronx,Noise - Street/Sidewalk,Noise,2026-08-10,1,2026,8,Monday,False
2026-08-10,454,70013205,2026-08-10 00:28:46,2026-08-10 00:34:55,4,4,Partial Access,Street/Sidewalk,11236,40.646393064999415,-73.90867149987676,Closed,Brooklyn,Blocked Driveway,Parking,2026-08-10,1,2026,8,Monday,False
2026-08-10,455,70014034,2026-08-10 00:28:36,,33,4,Trash,Sidewalk,11237,40.70828598615996,-73.92113511416603,In Progress,Brooklyn,Dirty Condition,Sanitation,2026-08-10,1,2026,8,Monday,False
2026-08-10,456,70009360,2026-08-10 00:28:32,2026-08-10 00:33:06,6,4,Blocked Bike Lane,Street/Sidewalk,11238,40.68226334672413,-73.96763349051439,Closed,Brooklyn,Illegal Parking,Parking,2026-08-10,1,2026,8,Monday,False
2026-08-10,457,70012614,2026-08-10 00:28:31,,8,2,Loud Music/Party,Street/Sidewalk,10032,40.83539640203122,-73.94226245091785,In Progress,Manhattan,Noise - Street/Sidewalk,Noise,2026-08-10,1,2026,8,Monday,False
2026-08-10,458,70006678,2026-08-10 00:28:24,,3,4,Loud Music/Party,Residential Building/House,11220,40.64206508900971,-74.00270609384688,In Progress,Brooklyn,Noise - Residential,Noise,2026-08-10,1,2026,8,Monday,False
2026-08-10,459,70004719,2026-08-10 00:28:16,2026-08-10 01:10:21,3,5,Loud Music/Party,Residential Building/House,10302,40.63829107778808,-74.13526826878407,Closed,Staten Island,Noise - Residential,Noise,2026-08-10,1,2026,8,Monday,False
2026-08-10,460,70013318,2026-08-10 00:28:12,2026-08-10 01:00:53,5,4,Loud Music/Party,Store/Commercial,11206,40.699398062262304,-73.93853578828099,Closed,Brooklyn,Noise - Commercial,Noise,2026-08-10,1,2026,8,Monday,False
2026-08-10,461,70008678,2026-08-10 00:28:10,2026-08-10 01:36:13,8,2,Loud Music/Party,Street/Sidewalk,10040,40.85462115652687,-73.9289865404921,Closed,Manhattan,Noise - Street/Sidewalk,Noise,2026-08-10,1,2026,8,Monday,False
2026-08-10,462,70005175,2026-08-10 00:28:05,2026-08-10 00:39:09,5,3,Loud Music/Party,Store/Commercial,10473,40.82254152525565,-73.88261417751029,Closed,Bronx,Noise - Commercial,Noise,2026-08-10,1,2026,8,Monday,False
2026-08-10,463,70010970,2026-08-10 00:27:54,,28,4,Rat Sighting,1-2 Family Dwelling,11209,40.6330265956687,-74.02485954578253,In Progress,Brooklyn,Rodent,Sanitation,2026-08-10,1,2026,8,Monday,False
2026-08-10,464,70007897,2026-08-10 00:27:37,,6,4,Blocked Hydrant,Street/Sidewalk,11223,40.60180880332744,-73.98332668414854,In Progress,Brooklyn,Illegal Parking,Parking,2026-08-10,1,2026,8,Monday,False
2026-08-10,465,70011804,2026-08-10 00:27:32,2026-08-10 01:11:42,8,3,Loud Music/Party,Street/Sidewalk,10463,40.877058946927896,-73.90924783110853,Closed,Bronx,Noise - Street/Sidewalk,Noise,2026-08-10,1,2026,8,Monday,False
2026-08-10,466,70012059,2026-08-10 00:27:30,,1,4,Driver Complaint - Non Passenger,Street,11238,40.68226334672413,-73.96763349051439,In Progress,Brooklyn,For Hire Vehicle Complaint,Vehicle,2026-08-10,1,2026,8,Monday,False
2026-08-10,467,70011006,2026-08-10 00:27:28,2026-08-10 00:56:13,3,4,Banging/Pounding,Residential Building/House,11236,40.63259628259463,-73.88833809670564,Closed,Brooklyn,Noise - Residential,Noise,2026-08-10,1,2026,8,Monday,False
2026-08-10,468,70005543,2026-08-10 00:26:31,2026-08-10 00:49:34,8,4,Loud Music/Party,Street/Sidewalk,11211,40.71752197015857,-73.95723787717327,Closed,Brooklyn,Noise - Street/Sidewalk,Noise,2026-08-10,1,2026,8,Monday,False
2026-08-10,469,70009184,2026-08-10 00:26:15,2026-08-10 00:43:14,6,3,Blocked Hydrant,Street/Sidewalk,10467,40.87605940633895,-73.88148190032744,Closed,Bronx,Illegal Parking,Parking,2026-08-10,1,2026,8,Monday,False
2026-08-10,470,70010090,2026-08-10 00:26:14,2026-08-10 00:37:25,5,1,Loud Music/Party,Club/Bar/Restaurant,11434,40.66662581529578,-73.76714670584765,Closed,Queens,Noise - Commercial,Noise,2026-08-10,1,2026,8,Monday,False
2026-08-10,471,70006718,2026-08-10 00:26:04,,6,4,Blocked Hydrant,Street/Sidewalk,11230,40.62929320919695,-73.97303790819126,In Progress,Brooklyn,Illegal Parking,Parking,2026-08-10,1,2026,8,Monday,False
2026-08-10,472,70004654,2026-08-10 00:26:03,,3,1,Loud Music/Party,Residential Building/House,11368,40.74910084166801,-73.8539825546027,In Progress,Queens,Noise - Residential,Noise,2026-08-10,1,2026,8,Monday,False
2026-08-10,473,70005395,2026-08-10 00:25:55,,4,4,No Access,Street/Sidewalk,11218,40.635623800488254,-73.9667877950632,In Progress,Brooklyn,Blocked Driveway,Parking,2026-08-10,1,2026,8,Monday,False
2026-08-10,474,70009136,2026-08-10 00:25:38,2026-08-10 00:36:39,5,2,Loud Talking,Store/Commercial,10002,40.71928630587051,-73.99238096922987,Closed,Manhattan,Noise - Commercial,Noise,2026-08-10,1,2026,8,Monday,False
2026-08-10,475,70010309,2026-08-10 00:25:32,,3,3,Loud Music/Party,Residential Building/House,10472,40.831605475597776,-73.86819803347444,In Progress,Bronx,Noise - Residential,Noise,2026-08-10,1,2026,8,Monday,False
2026-08-10,476,70013854,2026-08-10 00:25:28,2026-08-10 00:44:57,8,2,Loud Music/Party,Street/Sidewalk,10036,40.75913170674077,-73.99023949651466,Closed,Manhattan,Noise - Street/Sidewalk,Noise,2026-08-10,1,2026,8,Monday,False
2026-08-10,477,70007752,2026-08-10 00:25:08,2026-08-10 01:10:22,13,3,In Public,Street/Sidewalk,10472,40.830553469319234,-73.85388330007908,Closed,Bronx,Drinking,Other,2026-08-10,1,2026,8,Monday,False
2026-08-10,478,70013982,2026-08-10 00:24:58,,33,4,Trash,Street,11208,,,In Progress,Brooklyn,Dirty Condition,Sanitation,2026-08-10,1,2026,8,Monday,False
2026-08-10,479,70004070,2026-08-10 00:24:43,,6,4,Blocked Hydrant,Street/Sidewalk,11230,40.62946055028143,-73.97265235807035,In Progress,Brooklyn,Illegal Parking,Parking,2026-08-10,1,2026,8,Monday,False
2026-08-10,480,70007559,2026-08-10 00:24:32,2026-08-10 00:49:59,3,1,Loud Music/Party,Residential Building/House,11422,40.65926958738034,-73.72826434295631,Closed,Queens,Noise - Residential,Noise,2026-08-10,1,2026,8,Monday,False
2026-08-10,481,70014016,2026-08-10 00:24:30,,40,1,Removal Request,Sidewalk,11421,40.69268492507234,-73.85610746918164,In Progress,Queens,Illegal Dumping,Other,2026-08-10,1,2026,8,Monday,False
2026-08-10,482,70007301,2026-08-10 00:24:19,,3,1,Loud Music/Party,Residential Building/House,11436,40.67603063994052,-73.79829856312551,In Progress,Queens,Noise - Residential,Noise,2026-08-10,1,2026,8,Monday,False
2026-08-10,483,70005564,2026-08-10 00:21:14,,1,4,Driver Complaint - Non Passenger,Street,11211,40.71174883972136,-73.96254039321501,In Progress,Brooklyn,For Hire Vehicle Complaint,Vehicle,2026-08-10,1,2026,8,Monday,False
2026-08-10,484,70013859,2026-08-10 00:24:19,2026-08-10 01:10:21,3,2,Loud Music/Party,Residential Building/House,10019,40.76218637738536,-73.98783490927008,Closed,Manhattan,Noise - Residential,Noise,2026-08-10,1,2026,8,Monday,False
2026-08-10,485,70012766,2026-08-10 00:24:16,,41,1,Trash,Lot,11420,40.66894478249314,-73.8136403133372,In Progress,Queens,Lot Condition,Other,2026-08-10,1,2026,8,Monday,False
2026-08-10,486,70009204,2026-08-10 00:24:14,2026-08-10 01:31:13,8,4,Loud Music/Party,Street/Sidewalk,11214,40.59788769604779,-73.99946706137835,Closed,Brooklyn,Noise - Street/Sidewalk,Noise,2026-08-10,1,2026,8,Monday,False
2026-08-10,487,70006874,2026-08-10 00:24:00,,42,1,Food Source/Protection,Mobile Food Vendor,11101,40.75600258372821,-73.94269943611985,In Progress,Queens,Mobile Food Vendor,Other,2026-08-10,1,2026,8,Monday,False
2026-08-10,488,70004052,2026-08-10 00:23:36,,8,4,Loud Talking,Street/Sidewalk,11209,40.63534706449347,-74.03147904431474,In Progress,Brooklyn,Noise - Street/Sidewalk,Noise,2026-08-10,1,2026,8,Monday,False
2026-08-10,489,70010604,2026-08-10 00:23:22,2026-08-10 01:15:02,3,4,Loud Music/Party,Residential Building/House,11208,40.667822645849625,-73.86049036981154,Closed,Brooklyn,Noise - Residential,Noise,2026-08-10,1,2026,8,Monday,False
2026-08-10,490,70009019,2026-08-10 00:22:54,2026-08-10 01:10:22,8,3,Loud Music/Party,Street/Sidewalk,10472,40.830553469319234,-73.85388330007908,Closed,Bronx,Noise - Street/Sidewalk,Noise,2026-08-10,1,2026,8,Monday,False
2026-08-10,491,70006026,2026-08-10 00:22:53,,4,5,No Access,Street/Sidewalk,10314,40.6165808336272,-74.15809305541221,In Progress,Staten Island,Blocked Driveway,Parking,2026-08-10,1,2026,8,Monday,False
2026-08-10,492,70013082,2026-08-10 00:22:51,2026-08-10 00:34:36,6,3,Blocked Hydrant,Street/Sidewalk,10470,40.898376501658674,-73.86643064652561,Closed,Bronx,Illegal Parking,Parking,2026-08-10,1,2026,8,Monday,False
2026-08-10,493,70007805,2026-08-10 00:22:50,2026-08-10 00:51:04,6,3,Blocked Crosswalk,Street/Sidewalk,10469,40.872217295969904,-73.84689280393978,Closed,Bronx,Illegal Parking,Parking,2026-08-10,1,2026,8,Monday,False
2026-08-10,494,70009359,2026-08-10 00:22:35,2026-08-10 00:33:07,6,4,Blocked Bike Lane,Street/Sidewalk,11205,40.69466515532873,-73.97115069194831,Closed,Brooklyn,Illegal Parking,Parking,2026-08-10,1,2026,8,Monday,False
2026-08-10,495,70011779,2026-08-10 00:22:25,2026-08-10 00:29:39,8,3,Loud Music/Party,Street/Sidewalk,10462,40.85028642648127,-73.86858754033622,Closed,Bronx,Noise - Street/Sidewalk,Noise,2026-08-10,1,2026,8,Monday,False
2026-08-10,496,70007287,2026-08-10 00:22:23,2026-08-10 01:21:24,30,1,Loud Music/Party,Park/Playground,11368,40.74237706499928,-73.84215697754966,Closed,Queens,Noise - Park,Noise,2026-08-10,1,2026,8,Monday,False
2026-08-10,497,70009451,2026-08-10 00:22:23,,43,1,Unleashed Dog In Public,Public/Unfenced Area,11106,40.76245100940994,-73.93432629228121,In Progress,Queens,Unleashed Dog,Other,2026-08-10,1,2026,8,Monday,False
2026-08-10,498,70013077,2026-08-10 00:22:17,2026-08-10 00:43:14,18,3,Engine Idling,Street/Sidewalk,10467,40.87459430636917,-73.86221885994975,Closed,Bronx,Noise - Vehicle,Noise,2026-08-10,1,2026,8,Monday,False
2026-08-10,499,70007808,2026-08-10 00:22:10,2026-08-10 00:36:24,3,3,Banging/Pounding,Residential Building/House,10467,40.880498206323175,-73.86695114129041,Closed,Bronx,Noise - Residential,Noise,2026-08-10,1,2026,8,Monday,False
2026-08-10,500,70011802,2026-08-10 00:22:09,2026-08-10 01:06:43,18,3,Car/Truck Music,Street/Sidewalk,10463,40.87936774027384,-73.90989559266617,Closed,Bronx,Noise - Vehicle,Noise,2026-08-10,1,2026,8,Monday,False
2026-08-10,501,70004657,2026-08-10 00:21:57,,6,1,Blocked Hydrant,Street/Sidewalk,11373,40.7381057003706,-73.87032076493618,In Progress,Queens,Illegal Parking,Parking,2026-08-10,1,2026,8,Monday,False
2026-08-10,502,70004005,2026-08-10 00:21:18,,6,4,Blocked Hydrant,Street/Sidewalk,11223,40.60459509735459,-73.98574606087351,In Progress,Brooklyn,Illegal Parking,Parking,2026-08-10,1,2026,8,Monday,False
2026-08-10,503,70009806,2026-08-10 00:21:01,,5,1,Loud Music/Party,Store/Commercial,11354,40.77430454422209,-73.84663772877961,In Progress,Queens,Noise - Commercial,Noise,2026-08-10,1,2026,8,Monday,False
2026-08-10,504,70008589,2026-08-10 00:20:44,,3,5,Banging/Pounding,Residential Building/House,10301,40.628613655229,-74.09964418133342,In Progress,Staten Island,Noise - Residential,Noise,2026-08-10,1,2026,8,Monday,False
2026-08-10,505,70010418,2026-08-10 00:20:41,2026-08-10 00:29:38,8,3,Loud Music/Party,Street/Sidewalk,10462,40.85272673247533,-73.86881767686059,Closed,Bronx,Noise - Street/Sidewalk,Noise,2026-08-10,1,2026,8,Monday,False
2026-08-10,506,70011892,2026-08-10 00:20:24,,6,4,Double Parked Blocking Traffic,Street/Sidewalk,11209,40.63367413495224,-74.0259046186572,In Progress,Brooklyn,Illegal Parking,Parking,2026-08-10,1,2026,8,Monday,False
2026-08-10,507,70010369,2026-08-10 00:20:15,2026-08-10 00:25:37,8,3,Loud Music/Party,Street/Sidewalk,10457,40.84603570108423,-73.90263609776324,Closed,Bronx,Noise - Street/Sidewalk,Noise,2026-08-10,1,2026,8,Monday,False
2026-08-10,508,70003926,2026-08-10 00:20:14,2026-08-10 01:00:10,3,2,Loud Music/Party,Residential Building/House,10012,40.722053221516006,-73.99649336867282,Closed,Manhattan,Noise - Residential,Noise,2026-08-10,1,2026,8,Monday,False
2026-08-10,509,70009402,2026-08-10 00:20:11,,1,4,Driver Complaint - Non Passenger,Street,11211,40.71174883972136,-73.96254039321501,In Progress,Brooklyn,For Hire Vehicle Complaint,Vehicle,2026-08-10,1,2026,8,Monday,False
2026-08-10,510,70004053,2026-08-10 00:20:03,,6,4,Blocked Hydrant,Street/Sidewalk,11209,40.622099755631766,-74.02407018711759,In Progress,Brooklyn,Illegal Parking,Parking,2026-08-10,1,2026,8,Monday,False
2026-08-10,511,70011308,2026-08-10 00:19:53,2026-08-10 01:37:15,8,2,Loud Music/Party,Street/Sidewalk,10040,40.85978272320349,-73.92703609580742,Closed,Manhattan,Noise - Street/Sidewalk,Noise,2026-08-10,1,2026,8,Monday,False
2026-08-10,512,70006720,2026-08-10 00:19:42,,4,4,Partial Access,Street/Sidewalk,11218,40.635623800488254,-73.9667877950632,In Progress,Brooklyn,Blocked Driveway,Parking,2026-08-10,1,2026,8,Monday,False
2026-08-10,513,70012030,2026-08-10 00:19:29,,6,4,Commercial Overnight Parking,Street/Sidewalk,11237,40.70618278512642,-73.92844856133564,In Progress,Brooklyn,Illegal Parking,Parking,2026-08-10,1,2026,8,Monday,False
2026-08-10,514,70008540,2026-08-10 00:16:56,,3,1,Loud Music/Party,Residential Building/House,11434,40.67891528822238,-73.78904939874501,In Progress,Queens,Noise - Residential,Noise,2026-08-10,1,2026,8,Monday,False
2026-08-10,515,70011290,2026-08-10 00:19:14,2026-08-10 01:35:36,6,2,Parking Permit Improper Use,Street/Sidewalk,10040,40.86111875356414,-73.92603322228999,Closed,Manhattan,Illegal Parking,Parking,2026-08-10,1,2026,8,Monday,False
2026-08-10,516,70013344,2026-08-10 00:19:11,,6,4,Blocked Crosswalk,Street/Sidewalk,11249,40.71485329204778,-73.96293183938344,In Progress,Brooklyn,Illegal Parking,Parking,2026-08-10,1,2026,8,Monday,False
2026-08-10,517,70007309,2026-08-10 00:19:07,,8,1,Loud Music/Party,Street/Sidewalk,11106,40.7616864057356,-73.94161521826629,In Progress,Queens,Noise - Street/Sidewalk,Noise,2026-08-10,1,2026,8,Monday,False
2026-08-10,518,70011807,2026-08-10 00:19:04,2026-08-10 00:56:21,8,3,Loud Music/Party,Street/Sidewalk,10463,40.87369857353044,-73.90814957564673,Closed,Bronx,Noise - Street/Sidewalk,Noise,2026-08-10,1,2026,8,Monday,False
2026-08-10,519,70013757,2026-08-10 00:19:01,,6,1,Commercial Overnight Parking,Street/Sidewalk,11354,40.76800215556742,-73.80953998812244,In Progress,Queens,Illegal Parking,Parking,2026-08-10,1,2026,8,Monday,False
2026-08-10,520,70006594,2026-08-10 00:19:00,,18,3,Car/Truck Music,Street/Sidewalk,10468,40.872631364966125,-73.89887286284,In Progress,Bronx,Noise - Vehicle,Noise,2026-08-10,1,2026,8,Monday,False
2026-08-10,521,70009250,2026-08-10 00:18:46,2026-08-10 00:33:08,3,4,Banging/Pounding,Residential Building/House,11236,40.6435009816135,-73.9134103261131,Closed,Brooklyn,Noise - Residential,Noise,2026-08-10,1,2026,8,Monday,False
2026-08-10,522,70013909,2026-08-10 00:18:46,,8,2,Loud Music/Party,Street/Sidewalk,10032,40.83286566248086,-73.94203337318314,In Progress,Manhattan,Noise - Street/Sidewalk,Noise,2026-08-10,1,2026,8,Monday,False
2026-08-10,523,70006458,2026-08-10 00:18:41,,4,3,No Access,Street/Sidewalk,10462,40.83988826451455,-73.85389893781225,In Progress,Bronx,Blocked Driveway,Parking,2026-08-10,1,2026,8,Monday,False
2026-08-10,524,70013914,2026-08-10 00:18:33,,8,2,Loud Music/Party,Street/Sidewalk,10040,40.85668814238739,-73.92935305837368,In Progress,Manhattan,Noise - Street/Sidewalk,Noise,2026-08-10,1,2026,8,Monday,False
2026-08-10,525,70007438,2026-08-10 00:18:25,,8,2,Loud Music/Party,Street/Sidewalk,10033,40.85126874897124,-73.92718279215555,In Progress,Manhattan,Noise - Street/Sidewalk,Noise,2026-08-10,1,2026,8,Monday,False
2026-08-10,526,70007899,2026-08-10 00:16:36,2026-08-10 01:28:26,8,4,Loud Music/Party,Street/Sidewalk,11214,40.5949781402888,-73.99596712670406,Closed,Brooklyn,Noise - Street/Sidewalk,Noise,2026-08-10,1,2026,8,Monday,False
2026-08-10,527,70003962,2026-08-10 00:18:23,2026-08-10 00:29:38,8,3,Loud Music/Party,Street/Sidewalk,10467,40.87581786325145,-73.87624275879938,Closed,Bronx,Noise - Street/Sidewalk,Noise,2026-08-10,1,2026,8,Monday,False
2026-08-10,528,70007458,2026-08-10 00:18:18,2026-08-10 01:37:27,6,2,Posted Parking Sign Violation,Street/Sidewalk,10033,40.85177787339328,-73.93898055833226,Closed,Manhattan,Illegal Parking,Parking,2026-08-10,1,2026,8,Monday,False
2026-08-10,529,70003937,2026-08-10 00:18:11,,8,3,Loud Music/Party,Street/Sidewalk,10463,40.87732238305897,-73.90917876616729,In Progress,Bronx,Noise - Street/Sidewalk,Noise,2026-08-10,1,2026,8,Monday,False
2026-08-10,530,70004806,2026-08-10 00:18:01,2026-08-10 01:31:03,8,2,Loud Music/Party,Street/Sidewalk,10040,40.861870823878704,-73.9260685381408,Closed,Manhattan,Noise - Street/Sidewalk,Noise,2026-08-10,1,2026,8,Monday,False
2026-08-10,531,70012498,2026-08-10 00:17:55,,8,1,Loud Music/Party,Street/Sidewalk,11412,40.702842041930246,-73.76657298567967,In Progress,Queens,Noise - Street/Sidewalk,Noise,2026-08-10,1,2026,8,Monday,False
2026-08-10,532,70012062,2026-08-10 00:17:49,,1,4,Driver Complaint - Non Passenger,Street,11211,40.71456883559697,-73.95785660995966,In Progress,Brooklyn,For Hire Vehicle Complaint,Vehicle,2026-08-10,1,2026,8,Monday,False
2026-08-10,533,70004957,2026-08-10 00:17:46,2026-08-10 00:56:23,3,1,Loud Music/Party,Residential Building/House,11413,40.68277744039794,-73.74821893997802,Closed,Queens,Noise - Residential,Noise,2026-08-10,1,2026,8,Monday,False
2026-08-10,534,70011284,2026-08-10 00:17:30,2026-08-10 00:20:32,8,2,Loud Music/Party,Street/Sidewalk,10032,40.83670343588696,-73.94337438646215,Closed,Manhattan,Noise - Street/Sidewalk,Noise,2026-08-10,1,2026,8,Monday,False
2026-08-10,535,70009365,2026-08-10 00:17:04,2026-08-10 00:43:11,6,4,Posted Parking Sign Violation,Street/Sidewalk,11205,40.69395197882978,-73.9730622468119,Closed,Brooklyn,Illegal Parking,Parking,2026-08-10,1,2026,8,Monday,False
2026-08-10,536,70007826,2026-08-10 00:16:35,,3,3,Loud Music/Party,Residential Building/House,10460,40.84223699939234,-73.87174053821302,In Progress,Bronx,Noise - Residential,Noise,2026-08-10,1,2026,8,Monday,False
2026-08-10,537,70008642,2026-08-10 00:16:34,,5,2,Loud Music/Party,Store/Commercial,10031,40.822388418357896,-73.9525890968376,In Progress,Manhattan,Noise - Commercial,Noise,2026-08-10,1,2026,8,Monday,False
2026-08-10,538,70007863,2026-08-10 00:16:28,2026-08-10 00:36:52,6,3,Commercial Overnight Parking,Street/Sidewalk,10471,40.91106112184899,-73.89737083698719,Closed,Bronx,Illegal Parking,Parking,2026-08-10,1,2026,8,Monday,False
2026-08-10,539,70007399,2026-08-10 00:16:27,,8,2,Loud Talking,Street/Sidewalk,10026,40.80102849127408,-73.95139070312702,In Progress,Manhattan,Noise - Street/Sidewalk,Noise,2026-08-10,1,2026,8,Monday,False
2026-08-10,540,70004802,2026-08-10 00:16:10,2026-08-10 01:38:08,18,2,Car/Truck Music,Street/Sidewalk,10034,40.86439499522772,-73.92050891043958,Closed,Manhattan,Noise - Vehicle,Noise,2026-08-10,1,2026,8,Monday,False
2026-08-10,541,70009346,2026-08-10 00:16:08,2026-08-10 00:46:56,3,4,Loud Music/Party,Residential Building/House,11237,40.7044787780298,-73.92491222193459,Closed,Brooklyn,Noise - Residential,Noise,2026-08-10,1,2026,8,Monday,False
2026-08-10,542,70011838,2026-08-10 00:16:04,2026-08-10 00:33:14,6,2,Blocked Crosswalk,Street/Sidewalk,10012,40.72662048376376,-73.99605296544073,Closed,Manhattan,Illegal Parking,Parking,2026-08-10,1,2026,8,Monday,False
2026-08-10,543,70011319,2026-08-10 00:16:02,2026-08-10 01:35:50,8,2,Loud Music/Party,Street/Sidewalk,10034,40.861653042943566,-73.92460100114462,Closed,Manhattan,Noise - Street/Sidewalk,Noise,2026-08-10,1,2026,8,Monday,False
2026-08-10,544,70010431,2026-08-10 00:15:58,,18,3,Car/Truck Music,Street/Sidewalk,10463,40.877058946927896,-73.90924783110853,In Progress,Bronx,Noise - Vehicle,Noise,2026-08-10,1,2026,8,Monday,False
2026-08-10,545,70009167,2026-08-10 00:15:57,2026-08-10 00:44:51,6,3,Parking Permit Improper Use,Street/Sidewalk,10458,40.87697741123948,-73.88546515610238,Closed,Bronx,Illegal Parking,Parking,2026-08-10,1,2026,8,Monday,False
2026-08-10,546,70007455,2026-08-10 00:15:51,2026-08-10 01:37:52,8,2,Loud Music/Party,Street/Sidewalk,10040,40.86103107825989,-73.92627553723854,Closed,Manhattan,Noise - Street/Sidewalk,Noise,2026-08-10,1,2026,8,Monday,False
2026-08-10,547,70007731,2026-08-10 00:15:47,,44,3,Other,Above Address,10463,40.87716146295538,-73.9178611535989,In Progress,Bronx,Noise - Helicopter,Noise,2026-08-10,1,2026,8,Monday,False
2026-08-10,548,70009901,2026-08-10 00:15:20,2026-08-10 01:49:25,8,2,Loud Talking,Street/Sidewalk,10016,40.741445911397946,-73.97963613129464,Closed,Manhattan,Noise - Street/Sidewalk,Noise,2026-08-10,1,2026,8,Monday,False
2026-08-10,549,70005908,2026-08-10 00:15:13,2026-08-10 00:38:03,3,1,Loud Music/Party,Residential Building/House,11419,40.68461442022546,-73.8203462565652,Closed,Queens,Noise - Residential,Noise,2026-08-10,1,2026,8,Monday,False
2026-08-10,550,70007758,2026-08-10 00:15:09,,3,3,Loud Music/Party,Residential Building/House,10452,40.837940984205815,-73.91586770593267,In Progress,Bronx,Noise - Residential,Noise,2026-08-10,1,2026,8,Monday,False
2026-08-10,551,70009187,2026-08-10 00:14:54,2026-08-10 00:33:08,6,2,Blocked Bike Lane,Street/Sidewalk,10012,40.72662048376376,-73.99605296544073,Closed,Manhattan,Illegal Parking,Parking,2026-08-10,1,2026,8,Monday,False
2026-08-10,552,70013935,2026-08-10 00:14:45,2026-08-10 01:38:30,8,2,Loud Music/Party,Street/Sidewalk,10040,40.86256276936047,-73.92650883171258,Closed,Manhattan,Noise - Street/Sidewalk,Noise,2026-08-10,1,2026,8,Monday,False
2026-08-10,553,70004820,2026-08-10 00:14:44,2026-08-10 01:39:02,8,2,Loud Music/Party,Street/Sidewalk,10034,40.867243417383946,-73.92799687001796,Closed,Manhattan,Noise - Street/Sidewalk,Noise,2026-08-10,1,2026,8,Monday,False
2026-08-10,554,70011655,2026-08-10 00:14:41,,8,3,Loud Talking,Street/Sidewalk,10459,40.831502971962365,-73.88808017249029,In Progress,Bronx,Noise - Street/Sidewalk,Noise,2026-08-10,1,2026,8,Monday,False
2026-08-10,555,70009850,2026-08-10 00:14:39,,3,1,Loud Music/Party,Residential Building/House,11412,40.702842041930246,-73.76657298567967,In Progress,Queens,Noise - Residential,Noise,2026-08-10,1,2026,8,Monday,False
2026-08-10,556,70003958,2026-08-10 00:14:34,2026-08-10 00:21:59,8,3,Loud Talking,Street/Sidewalk,10467,40.87581786325145,-73.87624275879938,Closed,Bronx,Noise - Street/Sidewalk,Noise,2026-08-10,1,2026,8,Monday,False
2026-08-10,557,70010390,2026-08-10 00:14:22,2026-08-10 00:20:04,3,3,Loud Music/Party,Residential Building/House,10453,40.85405295875958,-73.90591022143273,Closed,Bronx,Noise - Residential,Noise,2026-08-10,1,2026,8,Monday,False
2026-08-10,558,70013949,2026-08-10 00:14:19,2026-08-10 01:38:52,6,2,Posted Parking Sign Violation,Street/Sidewalk,10033,40.85153914538499,-73.93909644675512,Closed,Manhattan,Illegal Parking,Parking,2026-08-10,1,2026,8,Monday,False
2026-08-10,559,70003949,2026-08-10 00:14:18,2026-08-10 01:26:20,8,3,Loud Music/Party,Street/Sidewalk,10463,40.87970084316435,-73.9010571445122,Closed,Bronx,Noise - Street/Sidewalk,Noise,2026-08-10,1,2026,8,Monday,False
2026-08-10,560,70006097,2026-08-10 00:14:17,2026-08-10 00:43:22,5,2,Loud Music/Party,Store/Commercial,10033,40.84510706287504,-73.93679639961515,Closed,Manhattan,Noise - Commercial,Noise,2026-08-10,1,2026,8,Monday,False
2026-08-10,561,70008445,2026-08-10 00:14:08,,6,1,Blocked Hydrant,Street/Sidewalk,11379,40.7090673250072,-73.87386517425578,In Progress,Queens,Illegal Parking,Parking,2026-08-10,1,2026,8,Monday,False
2026-08-10,562,70009401,2026-08-10 00:12:53,,1,2,Driver Complaint - Non Passenger,Street,10012,40.72662048376376,-73.99605296544073,In Progress,Manhattan,For Hire Vehicle Complaint,Vehicle,2026-08-10,1,2026,8,Monday,False
2026-08-10,563,70007955,2026-08-10 00:11:14,,6,4,Blocked Hydrant,Street/Sidewalk,11230,40.62928772215293,-73.973048718301,In Progress,Brooklyn,Illegal Parking,Parking,2026-08-10,1,2026,8,Monday,False
2026-08-10,564,70010191,2026-08-10 00:04:57,,32,2,Vehicle Idling Odor,Street/Sidewalk,10001,40.74447492942411,-73.99253326960856,In Progress,Manhattan,Air Quality,Other,2026-08-10,1,2026,8,Monday,False
2026-08-10,565,70010391,2026-08-10 00:12:47,2026-08-10 00:46:25,3,3,Banging/Pounding,Residential Building/House,10457,40.84550502951069,-73.9047946370933,Closed,Bronx,Noise - Residential,Noise,2026-08-10,1,2026,8,Monday,False
2026-08-10,566,70010432,2026-08-10 00:12:21,,18,3,Car/Truck Music,Street/Sidewalk,10463,40.877333350432416,-73.90916428689549,In Progress,Bronx,Noise - Vehicle,Noise,2026-08-10,1,2026,8,Monday,False
2026-08-10,567,70004679,2026-08-10 00:12:17,,6,1,Blocked Hydrant,Street/Sidewalk,11436,40.684055915406695,-73.79960475479504,In Progress,Queens,Illegal Parking,Parking,2026-08-10,1,2026,8,Monday,False
2026-08-10,568,70013904,2026-08-10 00:12:11,,3,2,Banging/Pounding,Residential Building/House,10037,40.81798635263026,-73.93643919542686,In Progress,Manhattan,Noise - Residential,Noise,2026-08-10,1,2026,8,Monday,False
2026-08-10,569,70009078,2026-08-10 00:11:58,2026-08-10 00:25:37,8,3,Loud Music/Party,Street/Sidewalk,10457,40.84664473813887,-73.9022954522807,Closed,Bronx,Noise - Street/Sidewalk,Noise,2026-08-10,1,2026,8,Monday,False
2026-08-10,570,70013754,2026-08-10 00:11:44,,3,1,Banging/Pounding,Residential Building/House,11355,40.75196307494059,-73.82056886414269,In Progress,Queens,Noise - Residential,Noise,2026-08-10,1,2026,8,Monday,False
2026-08-10,571,70013304,2026-08-10 00:11:43,2026-08-10 00:49:59,18,4,Car/Truck Music,Street/Sidewalk,11237,40.70702779439195,-73.92358924958616,Closed,Brooklyn,Noise - Vehicle,Noise,2026-08-10,1,2026,8,Monday,False
2026-08-10,572,70003989,2026-08-10 00:11:41,,6,4,Double Parked Blocking Traffic,Street/Sidewalk,11235,40.589821191023454,-73.95082794626103,In Progress,Brooklyn,Illegal Parking,Parking,2026-08-10,1,2026,8,Monday,False
2026-08-10,573,70006672,2026-08-10 00:11:35,2026-08-10 01:22:45,6,4,Blocked Hydrant,Street/Sidewalk,11214,40.60138929646514,-73.98676226267114,Closed,Brooklyn,Illegal Parking,Parking,2026-08-10,1,2026,8,Monday,False
2026-08-10,574,70009998,2026-08-10 00:11:35,2026-08-10 01:38:46,6,2,Posted Parking Sign Violation,Street/Sidewalk,10033,40.85153914538499,-73.93909644675512,Closed,Manhattan,Illegal Parking,Parking,2026-08-10,1,2026,8,Monday,False
2026-08-10,575,70008799,2026-08-10 00:11:29,,12,1,With License Plate,Street/Sidewalk,11422,40.65641081004768,-73.72765247607369,In Progress,Queens,Abandoned Vehicle,Vehicle,2026-08-10,1,2026,8,Monday,False
2026-08-10,576,70005353,2026-08-10 00:11:04,2026-08-10 01:16:31,3,4,Loud Music/Party,Residential Building/House,11210,40.62621661407996,-73.93827175606955,Closed,Brooklyn,Noise - Residential,Noise,2026-08-10,1,2026,8,Monday,False
2026-08-10,577,70011146,2026-08-10 00:11:00,,6,1,Blocked Crosswalk,Street/Sidewalk,11357,40.79511266349645,-73.80022391815282,In Progress,Queens,Illegal Parking,Parking,2026-08-10,1,2026,8,Monday,False
2026-08-10,578,70005417,2026-08-10 00:10:58,,25,4,Cave-In,Street,11219,40.636924123354575,-73.99826333322484,In Progress,Brooklyn,Street Condition,Transportation,2026-08-10,1,2026,8,Monday,False
2026-08-10,579,70005402,2026-08-10 00:10:54,2026-08-10 00:44:31,3,4,Banging/Pounding,Residential Building/House,11226,40.64227208822379,-73.95951656489456,Closed,Brooklyn,Noise - Residential,Noise,2026-08-10,1,2026,8,Monday,False
2026-08-10,580,70010327,2026-08-10 00:10:52,,8,3,Loud Talking,Street/Sidewalk,10452,40.84043357320546,-73.91640666366692,In Progress,Bronx,Noise - Street/Sidewalk,Noise,2026-08-10,1,2026,8,Monday,False
2026-08-10,581,70003836,2026-08-10 00:10:50,,5,3,Loud Music/Party,Store/Commercial,10452,40.84276723569249,-73.91732173631907,In Progress,Bronx,Noise - Commercial,Noise,2026-08-10,1,2026,8,Monday,False
2026-08-10,582,70003981,2026-08-10 00:10:47,2026-08-10 00:29:41,6,2,Blocked Bike Lane,Street/Sidewalk,10012,40.72829759096821,-73.99876967764395,Closed,Manhattan,Illegal Parking,Parking,2026-08-10,1,2026,8,Monday,False
2026-08-10,583,70013925,2026-08-10 00:10:35,,8,2,Loud Music/Party,Street/Sidewalk,10034,40.86479258700593,-73.92400451754766,In Progress,Manhattan,Noise - Street/Sidewalk,Noise,2026-08-10,1,2026,8,Monday,False
2026-08-10,584,70006119,2026-08-10 00:09:55,2026-08-10 01:39:22,18,2,Car/Truck Music,Street/Sidewalk,10034,40.86479258700593,-73.92400451754766,Closed,Manhattan,Noise - Vehicle,Noise,2026-08-10,1,2026,8,Monday,False
2026-08-10,585,70005998,2026-08-10 00:09:50,,3,1,Banging/Pounding,Residential Building/House,11369,40.76255587633852,-73.86785095563165,In Progress,Queens,Noise - Residential,Noise,2026-08-10,1,2026,8,Monday,False
2026-08-10,586,70005178,2026-08-10 00:06:00,,3,3,Loud Music/Party,Residential Building/House,10452,40.83867900984863,-73.92755435527354,In Progress,Bronx,Noise - Residential,Noise,2026-08-10,1,2026,8,Monday,False
2026-08-10,587,70010770,2026-08-10 00:06:00,,37,4,Street Light Out,,11203,40.66186373952349,-73.93439288382031,Open,Brooklyn,Street Light Condition,Transportation,2026-08-10,1,2026,8,Monday,False
2026-08-10,588,70010470,2026-08-10 00:09:37,2026-08-10 00:43:12,6,2,Blocked Bike Lane,Street/Sidewalk,10014,40.7334958937171,-74.00788405885584,Closed,Manhattan,Illegal Parking,Parking,2026-08-10,1,2026,8,Monday,False
2026-08-10,589,70008643,2026-08-10 00:09:29,2026-08-10 00:50:00,8,2,Loud Music/Party,Street/Sidewalk,10032,40.82961524891156,-73.9407100584324,Closed,Manhattan,Noise - Street/Sidewalk,Noise,2026-08-10,1,2026,8,Monday,False
2026-08-10,590,70011794,2026-08-10 00:09:25,,8,3,Loud Music/Party,Street/Sidewalk,10463,40.87732238305897,-73.90917876616729,In Progress,Bronx,Noise - Street/Sidewalk,Noise,2026-08-10,1,2026,8,Monday,False
2026-08-10,591,70013163,2026-08-10 00:09:24,,12,4,With License Plate,Street/Sidewalk,11204,40.61638157776241,-73.98874395533015,In Progress,Brooklyn,Abandoned Vehicle,Vehicle,2026-08-10,1,2026,8,Monday,False
2026-08-10,592,70012470,2026-08-10 00:08:51,,6,1,Blocked Hydrant,Street/Sidewalk,11357,40.79511266349645,-73.80022391815282,In Progress,Queens,Illegal Parking,Parking,2026-08-10,1,2026,8,Monday,False
2026-08-10,593,70009231,2026-08-10 00:08:42,2026-08-10 00:25:37,5,4,Loud Music/Party,Club/Bar/Restaurant,11203,40.65291868215491,-73.925673014996,Closed,Brooklyn,Noise - Commercial,Noise,2026-08-10,1,2026,8,Monday,False
2026-08-10,594,70006138,2026-08-10 00:08:33,,3,3,Loud Music/Party,Residential Building/House,10454,40.81232660561218,-73.91874676731545,In Progress,Bronx,Noise - Residential,Noise,2026-08-10,1,2026,8,Monday,False
2026-08-10,595,70006633,2026-08-10 00:08:25,2026-08-10 00:49:58,6,2,Blocked Bike Lane,Street/Sidewalk,10014,40.74020408243169,-74.00769359534655,Closed,Manhattan,Illegal Parking,Parking,2026-08-10,1,2026,8,Monday,False
2026-08-10,596,70005224,2026-08-10 00:08:16,2026-08-10 00:15:58,8,3,Loud Music/Party,Street/Sidewalk,10452,40.84554615930884,-73.91530147821983,Closed,Bronx,Noise - Street/Sidewalk,Noise,2026-08-10,1,2026,8,Monday,False
2026-08-10,597,70005596,2026-08-10 00:05:00,,37,4,Street Light Out,,11203,40.65141198246917,-73.93035606449482,Open,Brooklyn,Street Light Condition,Transportation,2026-08-10,1,2026,8,Monday,False
2026-08-10,598,70004808,2026-08-10 00:08:09,2026-08-10 01:31:30,8,2,Loud Music/Party,Street/Sidewalk,10040,40.86174999228432,-73.92596744617518,Closed,Manhattan,Noise - Street/Sidewalk,Noise,2026-08-10,1,2026,8,Monday,False
2026-08-10,599,70013803,2026-08-10 00:08:06,,3,1,Loud Music/Party,Residential Building/House,11412,40.702842041930246,-73.76657298567967,In Progress,Queens,Noise - Residential,Noise,2026-08-10,1,2026,8,Monday,False
2026-08-10,600,70009679,2026-08-10 00:08:04,2026-08-10 00:26:16,21,2,Unknown,Residential Building/House,10038,40.71189490657035,-73.99842730632146,Closed,Manhattan,Illegal Fireworks,Other,2026-08-10,1,2026,8,Monday,False
2026-08-10,601,70008089,2026-08-10 00:07:58,2026-08-10 01:27:53,5,4,Loud Music/Party,Club/Bar/Restaurant,11211,40.71157025286253,-73.96199943182411,Closed,Brooklyn,Noise - Commercial,Noise,2026-08-10,1,2026,8,Monday,False
2026-08-10,602,70003793,2026-08-10 00:07:51,,45,2,Pothole - Highway,Highway,Unknown,,,In Progress,Manhattan,Highway Condition,Other,2026-08-10,1,2026,8,Monday,False
2026-08-10,603,70003966,2026-08-10 00:07:49,2026-08-10 00:56:00,8,3,Loud Music/Party,Street/Sidewalk,10467,40.878913881658384,-73.8737129159977,Closed,Bronx,Noise - Street/Sidewalk,Noise,2026-08-10,1,2026,8,Monday,False
2026-08-10,604,70005493,2026-08-10 00:07:46,2026-08-10 00:39:17,8,4,Loud Music/Party,Street/Sidewalk,11237,40.70630834948568,-73.92311397735413,Closed,Brooklyn,Noise - Street/Sidewalk,Noise,2026-08-10,1,2026,8,Monday,False
2026-08-10,605,70007882,2026-08-10 00:07:41,2026-08-10 01:22:42,12,4,With License Plate,Street/Sidewalk,11235,40.57918131991586,-73.95504049621316,Closed,Brooklyn,Abandoned Vehicle,Vehicle,2026-08-10,1,2026,8,Monday,False
2026-08-10,606,70009143,2026-08-10 00:07:35,,8,3,Loud Music/Party,Street/Sidewalk,10463,40.87936774027384,-73.90989559266617,In Progress,Bronx,Noise - Street/Sidewalk,Noise,2026-08-10,1,2026,8,Monday,False
2026-08-10,607,70005563,2026-08-10 00:07:19,,1,2,Driver Complaint - Non Passenger,Street,10014,40.74020408243169,-74.00769359534655,In Progress,Manhattan,For Hire Vehicle Complaint,Vehicle,2026-08-10,1,2026,8,Monday,False
2026-08-10,608,70013216,2026-08-10 00:07:07,2026-08-10 00:39:05,8,4,Loud Music/Party,Street/Sidewalk,11226,40.653665079899866,-73.95783021184418,Closed,Brooklyn,Noise - Street/Sidewalk,Noise,2026-08-10,1,2026,8,Monday,False
2026-08-10,609,70009109,2026-08-10 00:06:56,,8,3,Loud Music/Party,Street/Sidewalk,10457,40.84626823780187,-73.90173577572278,In Progress,Bronx,Noise - Street/Sidewalk,Noise,2026-08-10,1,2026,8,Monday,False
2026-08-10,610,70009888,2026-08-10 00:06:46,2026-08-10 00:20:05,3,5,Banging/Pounding,Residential Building/House,10304,40.61288824997931,-74.08297703202305,Closed,Staten Island,Noise - Residential,Noise,2026-08-10,1,2026,8,Monday,False
2026-08-10,611,70005292,2026-08-10 00:06:28,2026-08-10 00:50:10,8,3,Loud Music/Party,Street/Sidewalk,10468,40.872631364966125,-73.89887286284,Closed,Bronx,Noise - Street/Sidewalk,Noise,2026-08-10,1,2026,8,Monday,False
2026-08-10,612,70003940,2026-08-10 00:06:17,,8,2,Loud Music/Party,Street/Sidewalk,10463,40.877333350432416,-73.90916428689549,In Progress,Manhattan,Noise - Street/Sidewalk,Noise,2026-08-10,1,2026,8,Monday,False
2026-08-10,613,70010652,2026-08-10 00:06:15,2026-08-10 00:39:06,8,4,Loud Music/Party,Street/Sidewalk,11237,40.70609441432092,-73.92334866500454,Closed,Brooklyn,Noise - Street/Sidewalk,Noise,2026-08-10,1,2026,8,Monday,False
2026-08-10,614,70013873,2026-08-10 00:06:13,2026-08-10 00:25:38,6,2,Blocked Bike Lane,Street/Sidewalk,10025,40.80051493461435,-73.96587117769042,Closed,Manhattan,Illegal Parking,Parking,2026-08-10,1,2026,8,Monday,False
2026-08-10,615,70007444,2026-08-10 00:06:04,2026-08-10 01:40:48,8,2,Loud Music/Party,Street/Sidewalk,10040,40.85978272320349,-73.92703609580742,Closed,Manhattan,Noise - Street/Sidewalk,Noise,2026-08-10,1,2026,8,Monday,False
2026-08-10,616,70011265,2026-08-10 00:05:53,2026-08-10 00:54:24,8,2,Loud Talking,Street/Sidewalk,10031,40.830944084252245,-73.94716628869014,Closed,Manhattan,Noise - Street/Sidewalk,Noise,2026-08-10,1,2026,8,Monday,False
2026-08-10,617,70006572,2026-08-10 00:05:42,2026-08-10 00:29:38,18,3,Car/Truck Music,Street/Sidewalk,10462,40.85272673247533,-73.86881767686059,Closed,Bronx,Noise - Vehicle,Noise,2026-08-10,1,2026,8,Monday,False
2026-08-10,618,70003927,2026-08-10 00:05:37,2026-08-10 00:37:00,5,2,Loud Music/Party,Store/Commercial,10002,40.71928630587051,-73.99238096922987,Closed,Manhattan,Noise - Commercial,Noise,2026-08-10,1,2026,8,Monday,False
2026-08-10,619,70006513,2026-08-10 00:05:34,2026-08-10 00:20:19,8,3,Loud Music/Party,Street/Sidewalk,10457,40.847377227399264,-73.9018859441507,Closed,Bronx,Noise - Street/Sidewalk,Noise,2026-08-10,1,2026,8,Monday,False
2026-08-10,620,70003916,2026-08-10 00:05:34,2026-08-10 00:25:51,8,3,Loud Music/Party,Street/Sidewalk,10462,40.85182300928073,-73.86819050352227,Closed,Bronx,Noise - Street/Sidewalk,Noise,2026-08-10,1,2026,8,Monday,False
2026-08-10,621,70004658,2026-08-10 00:05:20,,6,1,Blocked Hydrant,Street/Sidewalk,11373,40.73889966065343,-73.87344062527438,In Progress,Queens,Illegal Parking,Parking,2026-08-10,1,2026,8,Monday,False
2026-08-10,622,70010743,2026-08-10 00:05:10,,1,2,Driver Complaint - Non Passenger,Street,10025,40.80051493461435,-73.96587117769042,In Progress,Manhattan,For Hire Vehicle Complaint,Vehicle,2026-08-10,1,2026,8,Monday,False
2026-08-10,623,70005285,2026-08-10 00:05:08,,18,3,Car/Truck Music,Street/Sidewalk,10463,40.87710242463661,-73.91223102130748,In Progress,Bronx,Noise - Vehicle,Noise,2026-08-10,1,2026,8,Monday,False
2026-08-10,624,70008480,2026-08-10 00:05:04,,3,1,Loud Music/Party,Residential Building/House,11365,40.73410221047962,-73.80492443747828,In Progress,Queens,Noise - Residential,Noise,2026-08-10,1,2026,8,Monday,False
2026-08-10,625,70009140,2026-08-10 00:04:28,,18,3,Car/Truck Music,Street/Sidewalk,10463,40.8806963722317,-73.91015416242894,In Progress,Bronx,Noise - Vehicle,Noise,2026-08-10,1,2026,8,Monday,False
2026-08-10,626,70003834,2026-08-10 00:04:25,,8,3,Loud Music/Party,Street/Sidewalk,10452,40.83453483604698,-73.91977485901975,In Progress,Bronx,Noise - Street/Sidewalk,Noise,2026-08-10,1,2026,8,Monday,False
2026-08-10,627,70004184,2026-08-10 00:04:05,2026-08-10 01:02:54,6,4,Blocked Bike Lane,Street/Sidewalk,11201,40.69206328454066,-73.98729598191716,Closed,Brooklyn,Illegal Parking,Parking,2026-08-10,1,2026,8,Monday,False
2026-08-10,628,70004881,2026-08-10 00:03:45,,46,1,Inadequate Sweeping,Street,11106,40.76352458658239,-73.92175558645421,In Progress,Queens,Street Sweeping Complaint,Transportation,2026-08-10,1,2026,8,Monday,False
2026-08-10,629,70011796,2026-08-10 00:03:44,,8,3,Loud Music/Party,Street/Sidewalk,10463,40.87732238305897,-73.90917876616729,In Progress,Bronx,Noise - Street/Sidewalk,Noise,2026-08-10,1,2026,8,Monday,False
2026-08-10,630,70011306,2026-08-10 00:03:44,2026-08-10 01:36:58,8,2,Loud Music/Party,Street/Sidewalk,10034,40.86440268276529,-73.92376634876224,Closed,Manhattan,Noise - Street/Sidewalk,Noise,2026-08-10,1,2026,8,Monday,False
2026-08-10,631,70013697,2026-08-10 00:03:44,,5,1,Loud Music/Party,Club/Bar/Restaurant,11385,40.70047913709342,-73.90228606667296,In Progress,Queens,Noise - Commercial,Noise,2026-08-10,1,2026,8,Monday,False
2026-08-10,632,70004137,2026-08-10 00:03:07,2026-08-10 01:21:40,6,4,Blocked Sidewalk,Street/Sidewalk,11231,40.686604638132366,-73.99997475990735,Closed,Brooklyn,Illegal Parking,Parking,2026-08-10,1,2026,8,Monday,False
2026-08-10,633,70011939,2026-08-10 00:03:06,2026-08-10 00:30:05,8,4,Loud Music/Party,Street/Sidewalk,11212,40.6701111766495,-73.91279179609562,Closed,Brooklyn,Noise - Street/Sidewalk,Noise,2026-08-10,1,2026,8,Monday,False
2026-08-10,634,70011687,2026-08-10 00:03:06,,5,3,Loud Music/Party,Store/Commercial,10452,40.84276723569249,-73.91732173631907,In Progress,Bronx,Noise - Commercial,Noise,2026-08-10,1,2026,8,Monday,False
2026-08-10,635,70011752,2026-08-10 00:03:05,2026-08-10 00:25:51,6,3,Blocked Hydrant,Street/Sidewalk,10466,40.89659733309558,-73.85456644012864,Closed,Bronx,Illegal Parking,Parking,2026-08-10,1,2026,8,Monday,False
2026-08-10,636,70008150,2026-08-10 00:03:00,,37,1,Street Light Cycling,,11374,40.72658469497584,-73.85543536146376,Open,Queens,Street Light Condition,Transportation,2026-08-10,1,2026,8,Monday,False
2026-08-10,637,70012775,2026-08-10 00:02:54,2026-08-10 00:05:18,47,4,Food Vendor,Street,11206,40.699398062262304,-73.93853578828099,Closed,Brooklyn,Vendor Enforcement,Other,2026-08-10,1,2026,8,Monday,False
2026-08-10,638,70006728,2026-08-10 00:02:39,2026-08-10 00:20:03,6,4,Posted Parking Sign Violation,Street/Sidewalk,11230,40.62888716518477,-73.97383785151118,Closed,Brooklyn,Illegal Parking,Parking,2026-08-10,1,2026,8,Monday,False
2026-08-10,639,70011271,2026-08-10 00:02:13,2026-08-10 00:26:23,6,2,Blocked Sidewalk,Street/Sidewalk,10031,40.8294275711348,-73.95011608261902,Closed,Manhattan,Illegal Parking,Parking,2026-08-10,1,2026,8,Monday,False
2026-08-10,640,70009400,2026-08-10 00:02:02,,1,4,Driver Complaint - Non Passenger,Street,11201,40.69206328454066,-73.98729598191716,In Progress,Brooklyn,For Hire Vehicle Complaint,Vehicle,2026-08-10,1,2026,8,Monday,False
2026-08-10,641,70010105,2026-08-10 00:02:00,,48,4,Ped Multiple Lamps,,11213,40.66924995592705,-73.93942872007085,Open,Brooklyn,Traffic Signal Condition,Transportation,2026-08-10,1,2026,8,Monday,False
2026-08-10,642,70005289,2026-08-10 00:02:00,,8,3,Loud Music/Party,Street/Sidewalk,10463,40.87717677494885,-73.9090017779188,In Progress,Bronx,Noise - Street/Sidewalk,Noise,2026-08-10,1,2026,8,Monday,False
2026-08-10,643,70011303,2026-08-10 00:01:59,2026-08-10 01:40:28,18,2,Car/Truck Music,Street/Sidewalk,10034,40.86444153537572,-73.9203353169902,Closed,Manhattan,Noise - Vehicle,Noise,2026-08-10,1,2026,8,Monday,False
2026-08-10,644,70005497,2026-08-10 00:01:46,2026-08-10 00:34:39,3,4,Loud Music/Party,Residential Building/House,11237,40.70123147332351,-73.91287731508254,Closed,Brooklyn,Noise - Residential,Noise,2026-08-10,1,2026,8,Monday,False
2026-08-10,645,70008590,2026-08-10 00:01:42,,3,5,Banging/Pounding,Residential Building/House,10301,40.62860536464713,-74.09970901568934,In Progress,Staten Island,Noise - Residential,Noise,2026-08-10,1,2026,8,Monday,False
2026-08-10,646,70008515,2026-08-10 00:01:19,,4,1,No Access,Street/Sidewalk,11373,40.74366173978019,-73.88379249837112,In Progress,Queens,Blocked Driveway,Parking,2026-08-10,1,2026,8,Monday,False
2026-08-10,647,70007448,2026-08-10 00:01:01,2026-08-10 01:39:35,8,2,Loud Music/Party,Street/Sidewalk,10034,40.86440268276529,-73.92376634876224,Closed,Manhattan,Noise - Street/Sidewalk,Noise,2026-08-10,1,2026,8,Monday,False
2026-08-10,648,70010187,2026-08-10 00:01:00,,32,4,Vehicle Idling Odor,Street/Sidewalk,11249,40.716006855172246,-73.96538417436233,In Progress,Brooklyn,Air Quality,Other,2026-08-10,1,2026,8,Monday,False
2026-08-10,649,70013327,2026-08-10 00:00:55,2026-08-10 01:02:10,6,4,Blocked Bike Lane,Street/Sidewalk,11201,40.689798940160095,-73.98814379990745,Closed,Brooklyn,Illegal Parking,Parking,2026-08-10,1,2026,8,Monday,False
2026-08-10,650,70006217,2026-08-10 00:00:54,,33,4,Trash,Sidewalk,11236,40.64185353328795,-73.90910650718534,In Progress,Brooklyn,Dirty Condition,Sanitation,2026-08-10,1,2026,8,Monday,False
2026-08-10,651,70009908,2026-08-10 00:00:50,,8,2,Loud Music/Party,Street/Sidewalk,10036,40.762241622334265,-73.99179487414962,In Progress,Manhattan,Noise - Street/Sidewalk,Noise,2026-08-10,1,2026,8,Monday,False
2026-08-10,652,70005171,2026-08-10 00:00:41,2026-08-10 01:11:16,8,3,Loud Music/Party,Street/Sidewalk,10472,40.830553469319234,-73.85388330007908,Closed,Bronx,Noise - Street/Sidewalk,Noise,2026-08-10,1,2026,8,Monday,False
2026-08-10,653,70006128,2026-08-10 00:00:02,2026-08-10 01:39:47,8,2,Loud Music/Party,Street/Sidewalk,10034,40.86408484675667,-73.9246018593508,Closed,Manhattan,Noise - Street/Sidewalk,Noise,2026-08-10,1,2026,8,Monday,False
2026-08-09,654,70007813,2026-08-09 23:59:56,,8,3,Loud Music/Party,Street/Sidewalk,10458,40.85304670259816,-73.88305194698587,In Progress,Bronx,Noise - Street/Sidewalk,Noise,2026-08-09,2,2026,8,Sunday,True
2026-08-09,655,70009750,2026-08-09 23:59:37,,5,1,Loud Music/Party,Club/Bar/Restaurant,11385,40.70047913709342,-73.90228606667296,In Progress,Queens,Noise - Commercial,Noise,2026-08-09,2,2026,8,Sunday,True
2026-08-09,656,70008984,2026-08-09 23:59:34,,7,1,Boat,Waterway,11357,40.79382058531947,-73.79591922338561,In Progress,Queens,Noise,Noise,2026-08-09,2,2026,8,Sunday,True
2026-08-09,657,70011684,2026-08-09 23:56:15,,3,3,Banging/Pounding,Residential Building/House,10457,40.84481694455676,-73.90923760295865,In Progress,Bronx,Noise - Residential,Noise,2026-08-09,2,2026,8,Sunday,True
2026-08-09,658,70005442,2026-08-09 23:59:23,2026-08-10 00:37:38,6,4,Blocked Crosswalk,Street/Sidewalk,11208,40.68213958121776,-73.8775179919427,Closed,Brooklyn,Illegal Parking,Parking,2026-08-09,2,2026,8,Sunday,True
2026-08-09,659,70012004,2026-08-09 23:59:17,2026-08-10 01:02:10,6,4,Blocked Bike Lane,Street/Sidewalk,11201,40.689798940160095,-73.98814379990745,Closed,Brooklyn,Illegal Parking,Parking,2026-08-09,2,2026,8,Sunday,True
2026-08-09,660,70010076,2026-08-09 23:59:13,2026-08-10 00:05:10,47,4,Food Vendor,Street,11206,40.699398062262304,-73.93853578828099,Closed,Brooklyn,Vendor Enforcement,Other,2026-08-09,2,2026,8,Sunday,True
2026-08-09,661,70007461,2026-08-09 23:59:10,2026-08-10 01:40:57,6,2,Blocked Hydrant,Street/Sidewalk,10033,40.853264113970056,-73.93640909828962,Closed,Manhattan,Illegal Parking,Parking,2026-08-09,2,2026,8,Sunday,True
2026-08-09,662,70013923,2026-08-09 23:58:35,,8,2,Loud Music/Party,Street/Sidewalk,10033,40.85126874897124,-73.92718279215555,In Progress,Manhattan,Noise - Street/Sidewalk,Noise,2026-08-09,2,2026,8,Sunday,True
2026-08-09,663,70011758,2026-08-09 23:58:22,,5,3,Loud Music/Party,Store/Commercial,10457,40.84757355113258,-73.90037481228694,In Progress,Bronx,Noise - Commercial,Noise,2026-08-09,2,2026,8,Sunday,True
2026-08-09,664,70014060,2026-08-09 23:58:04,,40,1,Chronic Dumping,Sidewalk,11435,40.69532022331032,-73.80263256872011,In Progress,Queens,Illegal Dumping,Other,2026-08-09,2,2026,8,Sunday,True
2026-08-09,665,70003886,2026-08-09 23:57:58,2026-08-10 01:15:44,3,3,Loud Music/Party,Residential Building/House,10453,40.85091391601838,-73.91786826398017,Closed,Bronx,Noise - Residential,Noise,2026-08-09,2,2026,8,Sunday,True
2026-08-09,666,70007748,2026-08-09 23:57:56,2026-08-10 01:11:01,3,3,Loud Music/Party,Residential Building/House,10472,40.830553469319234,-73.85388330007908,Closed,Bronx,Noise - Residential,Noise,2026-08-09,2,2026,8,Sunday,True
2026-08-09,667,70010792,2026-08-09 23:52:25,,49,4,Unknown,Other (Explain Below),11230,40.6326153136076,-73.96610475825234,In Progress,Brooklyn,Asbestos,Other,2026-08-09,2,2026,8,Sunday,True
2026-08-09,668,70012646,2026-08-09 23:57:32,2026-08-10 01:42:47,8,2,Loud Music/Party,Street/Sidewalk,10034,40.86381231443587,-73.92337656913543,Closed,Manhattan,Noise - Street/Sidewalk,Noise,2026-08-09,2,2026,8,Sunday,True
2026-08-09,669,70009699,2026-08-09 23:57:32,2026-08-10 00:20:44,8,1,Loud Music/Party,Street/Sidewalk,11693,40.58466244193748,-73.81665488229976,Closed,Queens,Noise - Street/Sidewalk,Noise,2026-08-09,2,2026,8,Sunday,True
2026-08-09,670,70013794,2026-08-09 23:57:23,,21,1,Unknown,Street/Sidewalk,11361,40.76431426991865,-73.77510444189117,In Progress,Queens,Illegal Fireworks,Other,2026-08-09,2,2026,8,Sunday,True
2026-08-09,671,70012003,2026-08-09 23:57:23,2026-08-10 01:02:34,6,4,Blocked Bike Lane,Street/Sidewalk,11201,40.6891070595386,-73.98635180907868,Closed,Brooklyn,Illegal Parking,Parking,2026-08-09,2,2026,8,Sunday,True
2026-08-09,672,70008142,2026-08-09 23:57:00,,37,4,Street Light Out,,11234,40.63412967117322,-73.92850059582707,Open,Brooklyn,Street Light Condition,Transportation,2026-08-09,2,2026,8,Sunday,True
2026-08-09,673,70008382,2026-08-09 23:56:57,2026-08-10 01:17:34,8,4,Loud Music/Party,Street/Sidewalk,11221,40.68774069100362,-73.93301525205081,Closed,Brooklyn,Noise - Street/Sidewalk,Noise,2026-08-09,2,2026,8,Sunday,True
2026-08-09,674,70008699,2026-08-09 23:56:50,,3,3,Loud Music/Party,Residential Building/House,10454,40.81232660561218,-73.91874676731545,In Progress,Bronx,Noise - Residential,Noise,2026-08-09,2,2026,8,Sunday,True
2026-08-09,675,70010566,2026-08-09 23:56:31,,3,4,Loud Music/Party,Residential Building/House,11225,40.6628864104973,-73.95484710998464,In Progress,Brooklyn,Noise - Residential,Noise,2026-08-09,2,2026,8,Sunday,True
2026-08-09,676,70005500,2026-08-09 23:56:28,2026-08-10 00:01:43,5,4,Loud Music/Party,Store/Commercial,11206,40.699398062262304,-73.93853578828099,Closed,Brooklyn,Noise - Commercial,Noise,2026-08-09,2,2026,8,Sunday,True
2026-08-09,677,70005315,2026-08-09 23:56:23,2026-08-10 00:05:12,8,4,Loud Talking,Street/Sidewalk,11224,40.57544769745906,-73.98303448724046,Closed,Brooklyn,Noise - Street/Sidewalk,Noise,2026-08-09,2,2026,8,Sunday,True
2026-08-09,678,70005848,2026-08-09 23:56:13,2026-08-10 00:44:14,6,2,Blocked Bike Lane,Street/Sidewalk,10005,40.70806266027152,-74.01143744258289,Closed,Manhattan,Illegal Parking,Parking,2026-08-09,2,2026,8,Sunday,True
2026-08-09,679,70005541,2026-08-09 23:56:12,2026-08-10 01:17:33,6,4,Commercial Overnight Parking,Street/Sidewalk,11249,40.716006855172246,-73.96538417436233,Closed,Brooklyn,Illegal Parking,Parking,2026-08-09,2,2026,8,Sunday,True
2026-08-09,680,70011755,2026-08-09 23:56:08,,8,3,Loud Music/Party,Street/Sidewalk,10458,40.85411015171668,-73.88428995741315,In Progress,Bronx,Noise - Street/Sidewalk,Noise,2026-08-09,2,2026,8,Sunday,True
2026-08-09,681,70009289,2026-08-09 23:56:08,2026-08-10 00:29:39,3,4,Loud Music/Party,Residential Building/House,11212,40.66667793872121,-73.91342709898055,Closed,Brooklyn,Noise - Residential,Noise,2026-08-09,2,2026,8,Sunday,True
2026-08-09,682,70006729,2026-08-09 23:55:51,,8,4,Loud Music/Party,Street/Sidewalk,11213,40.66455133277643,-73.93519405201872,In Progress,Brooklyn,Noise - Street/Sidewalk,Noise,2026-08-09,2,2026,8,Sunday,True
2026-08-09,683,70007345,2026-08-09 23:55:51,,6,5,Commercial Overnight Parking,Street/Sidewalk,10304,40.63282180634286,-74.07779934024339,In Progress,Staten Island,Illegal Parking,Parking,2026-08-09,2,2026,8,Sunday,True
2026-08-09,684,70004811,2026-08-09 23:55:48,2026-08-10 01:42:04,8,2,Loud Music/Party,Street/Sidewalk,10040,40.855927108026,-73.92813564271297,Closed,Manhattan,Noise - Street/Sidewalk,Noise,2026-08-09,2,2026,8,Sunday,True
2026-08-09,685,70003899,2026-08-09 23:55:37,,8,3,Loud Music/Party,Street/Sidewalk,10457,40.85175106817575,-73.88565679684613,In Progress,Bronx,Noise - Street/Sidewalk,Noise,2026-08-09,2,2026,8,Sunday,True
2026-08-09,686,70013116,2026-08-09 23:55:23,,8,3,Loud Music/Party,Street/Sidewalk,10463,40.87936774027384,-73.90989559266617,In Progress,Bronx,Noise - Street/Sidewalk,Noise,2026-08-09,2,2026,8,Sunday,True
2026-08-09,687,70005973,2026-08-09 23:55:20,,3,1,Loud Music/Party,Residential Building/House,11103,40.76350737419696,-73.90949641184787,In Progress,Queens,Noise - Residential,Noise,2026-08-09,2,2026,8,Sunday,True
2026-08-09,688,70006917,2026-08-09 23:55:00,,37,4,Street Light Out,,11234,40.62515910373176,-73.92755196481671,Open,Brooklyn,Street Light Condition,Transportation,2026-08-09,2,2026,8,Sunday,True
2026-08-09,689,70007151,2026-08-09 23:54:58,2026-08-10 00:44:14,6,2,Blocked Bike Lane,Street/Sidewalk,10005,40.70806266027152,-74.01143744258289,Closed,Manhattan,Illegal Parking,Parking,2026-08-09,2,2026,8,Sunday,True
2026-08-09,690,70007787,2026-08-09 23:54:50,2026-08-10 00:05:10,8,3,Loud Music/Party,Street/Sidewalk,10453,40.853143262515445,-73.90445114617624,Closed,Bronx,Noise - Street/Sidewalk,Noise,2026-08-09,2,2026,8,Sunday,True
2026-08-09,691,70006854,2026-08-09 23:54:21,2026-08-10 01:49:24,3,4,Loud Talking,Residential Building/House,11211,40.71113444488521,-73.94932809639236,Closed,Brooklyn,Noise - Residential,Noise,2026-08-09,2,2026,8,Sunday,True
2026-08-09,692,70004047,2026-08-09 23:54:19,2026-08-10 00:25:38,6,4,Posted Parking Sign Violation,Street/Sidewalk,11226,40.64319310681255,-73.94947338016661,Closed,Brooklyn,Illegal Parking,Parking,2026-08-09,2,2026,8,Sunday,True
2026-08-09,693,70010433,2026-08-09 23:54:13,,8,3,Loud Music/Party,Street/Sidewalk,10463,40.877333350432416,-73.90916428689549,In Progress,Bronx,Noise - Street/Sidewalk,Noise,2026-08-09,2,2026,8,Sunday,True
2026-08-09,694,70005390,2026-08-09 23:53:57,2026-08-10 00:21:24,4,4,No Access,Street/Sidewalk,11236,40.63009573907668,-73.903451907796,Closed,Brooklyn,Blocked Driveway,Parking,2026-08-09,2,2026,8,Sunday,True
2026-08-09,695,70012409,2026-08-09 23:53:52,,5,1,Loud Music/Party,Club/Bar/Restaurant,11385,40.70047913709342,-73.90228606667296,In Progress,Queens,Noise - Commercial,Noise,2026-08-09,2,2026,8,Sunday,True
2026-08-09,696,70005834,2026-08-09 23:53:40,2026-08-10 00:06:28,8,2,Loud Music/Party,Street/Sidewalk,10009,40.7207090226164,-73.97819222319721,Closed,Manhattan,Noise - Street/Sidewalk,Noise,2026-08-09,2,2026,8,Sunday,True
2026-08-09,697,70007717,2026-08-09 23:34:19,,7,4,Dog,Residential,11216,40.67736614201523,-73.9446453251553,In Progress,Brooklyn,Noise,Noise,2026-08-09,2,2026,8,Sunday,True
2026-08-09,698,70012643,2026-08-09 23:53:39,2026-08-10 01:41:44,8,2,Loud Music/Party,Street/Sidewalk,10034,40.8668997583908,-73.92708613495817,Closed,Manhattan,Noise - Street/Sidewalk,Noise,2026-08-09,2,2026,8,Sunday,True
2026-08-09,699,70011683,2026-08-09 23:53:36,,3,3,Loud Music/Party,Residential Building/House,10457,40.84481694455676,-73.90923760295865,In Progress,Bronx,Noise - Residential,Noise,2026-08-09,2,2026,8,Sunday,True
2026-08-09,700,70013280,2026-08-09 23:53:29,2026-08-10 00:42:22,8,4,Loud Talking,Street/Sidewalk,11213,40.671301702425815,-73.92759917571345,Closed,Brooklyn,Noise - Street/Sidewalk,Noise,2026-08-09,2,2026,8,Sunday,True
2026-08-09,701,70006998,2026-08-09 23:53:23,,50,3,Water Supply,RESIDENTIAL BUILDING,10474,40.815773549995136,-73.885852282221,Open,Bronx,Plumbing,Infrastructure,2026-08-09,2,2026,8,Sunday,True
2026-08-09,702,70011705,2026-08-09 23:53:22,2026-08-10 00:08:43,5,3,Loud Music/Party,Store/Commercial,10465,40.84474056330526,-73.81536339866841,Closed,Bronx,Noise - Commercial,Noise,2026-08-09,2,2026,8,Sunday,True
2026-08-09,703,70009988,2026-08-09 23:53:20,2026-08-10 01:43:07,8,2,Loud Music/Party,Street/Sidewalk,10040,40.85978272320349,-73.92703609580742,Closed,Manhattan,Noise - Street/Sidewalk,Noise,2026-08-09,2,2026,8,Sunday,True
2026-08-09,704,70010716,2026-08-09 23:53:16,2026-08-10 00:38:25,6,4,Commercial Overnight Parking,Street/Sidewalk,11222,40.736695577266325,-73.95395993500448,Closed,Brooklyn,Illegal Parking,Parking,2026-08-09,2,2026,8,Sunday,True
2026-08-09,705,70010436,2026-08-09 23:52:44,,3,3,Banging/Pounding,Residential Building/House,10463,40.87369857353044,-73.90814957564673,In Progress,Bronx,Noise - Residential,Noise,2026-08-09,2,2026,8,Sunday,True
2026-08-09,706,70010300,2026-08-09 23:52:42,,6,3,Posted Parking Sign Violation,Street/Sidewalk,10459,40.831275280146656,-73.88820341689126,In Progress,Bronx,Illegal Parking,Parking,2026-08-09,2,2026,8,Sunday,True
2026-08-09,707,70008115,2026-08-09 23:52:30,,1,2,Driver Complaint - Non Passenger,Street,10005,40.70806266027152,-74.01143744258289,In Progress,Manhattan,For Hire Vehicle Complaint,Vehicle,2026-08-09,2,2026,8,Sunday,True
2026-08-09,708,70004825,2026-08-09 23:52:22,,6,3,Posted Parking Sign Violation,Street/Sidewalk,10455,40.81743872189368,-73.90287302853827,In Progress,Bronx,Illegal Parking,Parking,2026-08-09,2,2026,8,Sunday,True
2026-08-09,709,70005918,2026-08-09 23:52:17,,3,1,Loud Music/Party,Residential Building/House,11365,40.73410221047962,-73.80492443747828,In Progress,Queens,Noise - Residential,Noise,2026-08-09,2,2026,8,Sunday,True
2026-08-09,710,70009673,2026-08-09 23:52:11,2026-08-10 01:15:35,3,4,Banging/Pounding,Residential Building/House,11249,40.7043960806306,-73.96399080765072,Closed,Brooklyn,Noise - Residential,Noise,2026-08-09,2,2026,8,Sunday,True
2026-08-09,711,70009900,2026-08-09 23:51:59,,3,2,Banging/Pounding,Residential Building/House,10016,40.74064719137972,-73.97965081002563,In Progress,Manhattan,Noise - Residential,Noise,2026-08-09,2,2026,8,Sunday,True
2026-08-09,712,70010536,2026-08-09 23:51:58,2026-08-10 00:25:38,6,4,Posted Parking Sign Violation,Street/Sidewalk,11226,40.64319310681255,-73.94947338016661,Closed,Brooklyn,Illegal Parking,Parking,2026-08-09,2,2026,8,Sunday,True
2026-08-09,713,70011013,2026-08-09 23:51:51,2026-08-10 01:42:05,3,4,Banging/Pounding,Residential Building/House,11201,40.69980031989199,-73.98361593748928,Closed,Brooklyn,Noise - Residential,Noise,2026-08-09,2,2026,8,Sunday,True
2026-08-09,714,70013643,2026-08-09 23:51:40,,3,4,Banging/Pounding,Residential Building/House,11201,40.69980031989199,-73.98361593748928,In Progress,Brooklyn,Noise - Residential,Noise,2026-08-09,2,2026,8,Sunday,True
2026-08-09,715,70012037,2026-08-09 23:51:36,2026-08-10 01:38:50,8,4,Loud Music/Party,Street/Sidewalk,11211,40.70850127506392,-73.95360428935747,Closed,Brooklyn,Noise - Street/Sidewalk,Noise,2026-08-09,2,2026,8,Sunday,True
2026-08-09,716,70007560,2026-08-09 23:51:21,2026-08-10 01:03:15,3,1,Loud Music/Party,Residential Building/House,11422,40.67155817117165,-73.73900022928237,Closed,Queens,Noise - Residential,Noise,2026-08-09,2,2026,8,Sunday,True
2026-08-09,717,70008032,2026-08-09 23:45:52,,8,4,Loud Music/Party,Street/Sidewalk,11216,40.68664449680268,-73.94681187824506,In Progress,Brooklyn,Noise - Street/Sidewalk,Noise,2026-08-09,2,2026,8,Sunday,True
2026-08-09,718,70007447,2026-08-09 23:51:11,2026-08-10 01:37:42,8,2,Loud Music/Party,Street/Sidewalk,10040,40.86272859062812,-73.92831990267065,Closed,Manhattan,Noise - Street/Sidewalk,Noise,2026-08-09,2,2026,8,Sunday,True
2026-08-09,719,70009131,2026-08-09 23:51:09,2026-08-10 00:16:37,6,2,Blocked Bike Lane,Street/Sidewalk,10002,40.71357189687728,-73.99598880878193,Closed,Manhattan,Illegal Parking,Parking,2026-08-09,2,2026,8,Sunday,True
2026-08-09,720,70010769,2026-08-09 23:51:00,,37,4,Street Light Out,,11203,40.64818115517354,-73.92999907169808,Open,Brooklyn,Street Light Condition,Transportation,2026-08-09,2,2026,8,Sunday,True
2026-08-09,721,70009298,2026-08-09 23:50:44,2026-08-10 00:42:10,8,4,Loud Music/Party,Street/Sidewalk,11208,40.682947152297,-73.87808978844332,Closed,Brooklyn,Noise - Street/Sidewalk,Noise,2026-08-09,2,2026,8,Sunday,True
2026-08-09,722,70013944,2026-08-09 23:50:34,2026-08-10 01:38:22,8,2,Loud Music/Party,Street/Sidewalk,10034,40.8643648284726,-73.92054510016914,Closed,Manhattan,Noise - Street/Sidewalk,Noise,2026-08-09,2,2026,8,Sunday,True
2026-08-09,723,70008259,2026-08-09 23:50:24,,51,3,Entire Building,RESIDENTIAL BUILDING,10472,40.82833616789245,-73.87528679661922,Open,Bronx,Heat/Hot Water,Infrastructure,2026-08-09,2,2026,8,Sunday,True
2026-08-09,724,70007895,2026-08-09 23:50:24,,6,4,Blocked Hydrant,Street/Sidewalk,11214,40.60785128096797,-73.99746456226916,In Progress,Brooklyn,Illegal Parking,Parking,2026-08-09,2,2026,8,Sunday,True
2026-08-09,725,70013758,2026-08-09 23:50:12,,6,1,Blocked Hydrant,Street/Sidewalk,11356,40.77829899239758,-73.84522035672761,In Progress,Queens,Illegal Parking,Parking,2026-08-09,2,2026,8,Sunday,True
2026-08-09,726,70007468,2026-08-09 23:50:04,,52,4,Structure - Outdoors,Park,11213,40.668548052882166,-73.92659283400302,In Progress,Brooklyn,Maintenance Or Facility,Other,2026-08-09,2,2026,8,Sunday,True
2026-08-09,727,70010334,2026-08-09 23:49:58,,5,3,Loud Music/Party,Store/Commercial,10452,40.84276723569249,-73.91732173631907,In Progress,Bronx,Noise - Commercial,Noise,2026-08-09,2,2026,8,Sunday,True
2026-08-09,728,70013733,2026-08-09 23:41:17,,3,1,Banging/Pounding,Residential Building/House,11435,40.71423000153635,-73.81482672991002,In Progress,Queens,Noise - Residential,Noise,2026-08-09,2,2026,8,Sunday,True
2026-08-09,729,70010587,2026-08-09 23:49:33,2026-08-10 00:22:27,3,4,Loud Music/Party,Residential Building/House,11215,40.65870920873175,-73.9920490912512,Closed,Brooklyn,Noise - Residential,Noise,2026-08-09,2,2026,8,Sunday,True
2026-08-09,730,70009399,2026-08-09 23:49:23,,1,2,Driver Complaint - Non Passenger,Street,10002,40.71357189687728,-73.99598880878193,In Progress,Manhattan,For Hire Vehicle Complaint,Vehicle,2026-08-09,2,2026,8,Sunday,True
2026-08-09,731,70013364,2026-08-09 23:49:14,,36,3,Allowed In Smoke Free Area,Residential Building,10455,40.81921792607878,-73.91779538246868,In Progress,Bronx,Smoking Or Vaping,Other,2026-08-09,2,2026,8,Sunday,True
2026-08-09,732,70004576,2026-08-09 23:49:07,,5,1,Loud Music/Party,Club/Bar/Restaurant,11385,40.70047913709342,-73.90228606667296,In Progress,Queens,Noise - Commercial,Noise,2026-08-09,2,2026,8,Sunday,True
2026-08-09,733,70008572,2026-08-09 23:48:34,,6,1,Commercial Overnight Parking,Street/Sidewalk,11368,40.75289490801998,-73.85463113443659,In Progress,Queens,Illegal Parking,Parking,2026-08-09,2,2026,8,Sunday,True
2026-08-09,734,70007837,2026-08-09 23:48:24,2026-08-10 00:16:48,6,2,Blocked Bike Lane,Street/Sidewalk,10002,40.71360207611964,-73.99562808816744,Closed,Manhattan,Illegal Parking,Parking,2026-08-09,2,2026,8,Sunday,True
2026-08-09,735,70013059,2026-08-09 23:48:19,2026-08-10 01:03:39,8,3,Loud Music/Party,Street/Sidewalk,10453,40.84803803958494,-73.91487541112943,Closed,Bronx,Noise - Street/Sidewalk,Noise,2026-08-09,2,2026,8,Sunday,True
2026-08-09,736,70011324,2026-08-09 23:48:14,,6,3,Blocked Hydrant,Street/Sidewalk,10455,40.81743872189368,-73.90287302853827,In Progress,Bronx,Illegal Parking,Parking,2026-08-09,2,2026,8,Sunday,True
2026-08-09,737,70010791,2026-08-09 23:47:41,,49,4,Unknown,Other (Explain Below),11230,40.6326153136076,-73.96610475825234,In Progress,Brooklyn,Asbestos,Other,2026-08-09,2,2026,8,Sunday,True
2026-08-09,738,70010291,2026-08-09 23:47:32,,7,1,Boat,Waterway,11360,40.78889140550397,-73.78702170026162,In Progress,Queens,Noise,Noise,2026-08-09,2,2026,8,Sunday,True
2026-08-09,739,70007038,2026-08-09 23:47:26,,51,3,Entire Building,RESIDENTIAL BUILDING,10452,40.83482993201954,-73.92183073381571,Open,Bronx,Heat/Hot Water,Infrastructure,2026-08-09,2,2026,8,Sunday,True
2026-08-09,740,70007000,2026-08-09 23:47:23,,50,5,Toilet,RESIDENTIAL BUILDING,10301,40.64230150569461,-74.08659532400581,Open,Staten Island,Plumbing,Infrastructure,2026-08-09,2,2026,8,Sunday,True
2026-08-09,741,70006750,2026-08-09 23:47:08,2026-08-10 00:16:21,4,4,No Access,Street/Sidewalk,11220,40.64320694103645,-74.00154945441659,Closed,Brooklyn,Blocked Driveway,Parking,2026-08-09,2,2026,8,Sunday,True
2026-08-09,742,70009254,2026-08-09 23:47:06,2026-08-10 00:53:25,6,2,Blocked Bike Lane,Street/Sidewalk,10002,40.71400527531444,-73.9908485087216,Closed,Manhattan,Illegal Parking,Parking,2026-08-09,2,2026,8,Sunday,True
2026-08-09,743,70007454,2026-08-09 23:47:05,2026-08-10 01:28:47,8,2,Loud Music/Party,Street/Sidewalk,10034,40.86449084496832,-73.92019787371183,Closed,Manhattan,Noise - Street/Sidewalk,Noise,2026-08-09,2,2026,8,Sunday,True
2026-08-09,744,70007845,2026-08-09 23:46:52,,8,3,Loud Music/Party,Street/Sidewalk,10463,40.87732238305897,-73.90917876616729,In Progress,Bronx,Noise - Street/Sidewalk,Noise,2026-08-09,2,2026,8,Sunday,True
2026-08-09,745,70007402,2026-08-09 23:46:48,2026-08-10 01:02:10,3,2,Loud Music/Party,Residential Building/House,10031,40.827796143498176,-73.9477071817599,Closed,Manhattan,Noise - Residential,Noise,2026-08-09,2,2026,8,Sunday,True
2026-08-09,746,70013114,2026-08-09 23:46:40,,18,2,Car/Truck Music,Street/Sidewalk,10463,40.87788917541197,-73.91095711455176,In Progress,Manhattan,Noise - Vehicle,Noise,2026-08-09,2,2026,8,Sunday,True
2026-08-09,747,70012381,2026-08-09 23:46:39,,6,1,Blocked Crosswalk,Street/Sidewalk,11418,40.69382256051523,-73.8346053057011,In Progress,Queens,Illegal Parking,Parking,2026-08-09,2,2026,8,Sunday,True
2026-08-09,748,70008649,2026-08-09 23:46:30,,8,2,Loud Music/Party,Street/Sidewalk,10030,40.82043292062287,-73.94368810873968,In Progress,Manhattan,Noise - Street/Sidewalk,Noise,2026-08-09,2,2026,8,Sunday,True
2026-08-09,749,70011262,2026-08-09 23:46:18,,8,2,Loud Talking,Street/Sidewalk,10031,40.82494880432053,-73.95154305067291,In Progress,Manhattan,Noise - Street/Sidewalk,Noise,2026-08-09,2,2026,8,Sunday,True
2026-08-09,750,70007733,2026-08-09 23:46:05,,18,3,Car/Truck Music,Street/Sidewalk,10459,40.831275280146656,-73.88820341689126,In Progress,Bronx,Noise - Vehicle,Noise,2026-08-09,2,2026,8,Sunday,True
2026-08-09,751,70006600,2026-08-09 23:46:03,,8,3,Loud Music/Party,Street/Sidewalk,10463,40.87936774027384,-73.90989559266617,In Progress,Bronx,Noise - Street/Sidewalk,Noise,2026-08-09,2,2026,8,Sunday,True
2026-08-09,752,70010538,2026-08-09 23:45:38,2026-08-10 00:25:38,6,4,Blocked Hydrant,Street/Sidewalk,11203,40.63856615689375,-73.92997672986388,Closed,Brooklyn,Illegal Parking,Parking,2026-08-09,2,2026,8,Sunday,True
2026-08-09,753,70009214,2026-08-09 23:45:31,2026-08-10 00:31:00,8,4,Loud Music/Party,Street/Sidewalk,11203,40.63668048006255,-73.92559381962228,Closed,Brooklyn,Noise - Street/Sidewalk,Noise,2026-08-09,2,2026,8,Sunday,True
2026-08-09,754,70013378,2026-08-09 23:45:31,,1,4,Driver Complaint - Non Passenger,Street,11217,40.68189760282949,-73.97603081511414,In Progress,Brooklyn,For Hire Vehicle Complaint,Vehicle,2026-08-09,2,2026,8,Sunday,True
2026-08-09,755,70013934,2026-08-09 23:45:28,2026-08-10 01:42:29,18,2,Car/Truck Music,Street/Sidewalk,10034,40.86922407167794,-73.92220248436887,Closed,Manhattan,Noise - Vehicle,Noise,2026-08-09,2,2026,8,Sunday,True
2026-08-09,756,70012641,2026-08-09 23:45:20,2026-08-10 01:40:21,18,2,Car/Truck Music,Street/Sidewalk,10034,40.86444153537572,-73.9203353169902,Closed,Manhattan,Noise - Vehicle,Noise,2026-08-09,2,2026,8,Sunday,True
2026-08-09,757,70006224,2026-08-09 23:45:11,,33,2,Trash,Sidewalk,10036,40.76271664257506,-73.99491011440831,In Progress,Manhattan,Dirty Condition,Sanitation,2026-08-09,2,2026,8,Sunday,True
2026-08-09,758,70012135,2026-08-09 23:44:34,,53,4,Heavy Flow,RESIDENTIAL BUILDING,11218,40.634842008831086,-73.96846714996312,Open,Brooklyn,Water Leak,Infrastructure,2026-08-09,2,2026,8,Sunday,True
2026-08-09,759,70005870,2026-08-09 23:44:24,,12,1,With License Plate,Street/Sidewalk,11418,40.692591067806426,-73.83716866143993,In Progress,Queens,Abandoned Vehicle,Vehicle,2026-08-09,2,2026,8,Sunday,True
2026-08-09,760,70009595,2026-08-09 23:44:20,,54,3,Power Outage,RESIDENTIAL BUILDING,10472,40.82711277073204,-73.87597923852708,Open,Bronx,Electric,Other,2026-08-09,2,2026,8,Sunday,True
2026-08-09,761,70012168,2026-08-09 23:41:05,,55,1,Mold,RESIDENTIAL BUILDING,11420,40.67708100194622,-73.81237377641801,Open,Queens,Unsanitary Condition,Other,2026-08-09,2,2026,8,Sunday,True
2026-08-09,762,70008267,2026-08-09 23:44:19,,51,4,Apartment Only,RESIDENTIAL BUILDING,11226,40.64562415760308,-73.95404079427699,Open,Brooklyn,Heat/Hot Water,Infrastructure,2026-08-09,2,2026,8,Sunday,True
2026-08-09,763,70013932,2026-08-09 23:44:18,2026-08-10 01:40:47,18,2,Car/Truck Music,Street/Sidewalk,10034,40.86602617129921,-73.92587229919798,Closed,Manhattan,Noise - Vehicle,Noise,2026-08-09,2,2026,8,Sunday,True
2026-08-09,764,70006118,2026-08-09 23:44:14,2026-08-10 01:38:39,18,2,Car/Truck Music,Street/Sidewalk,10040,40.86152615415576,-73.92790544925118,Closed,Manhattan,Noise - Vehicle,Noise,2026-08-09,2,2026,8,Sunday,True
2026-08-09,765,70011913,2026-08-09 23:44:07,,3,4,Loud Music/Party,Residential Building/House,11225,40.66422458225912,-73.95874629283364,In Progress,Brooklyn,Noise - Residential,Noise,2026-08-09,2,2026,8,Sunday,True
2026-08-09,766,70006569,2026-08-09 23:44:03,,6,3,Overnight Commercial Storage,Street/Sidewalk,10461,40.84907822464753,-73.85014131838247,In Progress,Bronx,Illegal Parking,Parking,2026-08-09,2,2026,8,Sunday,True
2026-08-09,767,70010980,2026-08-09 23:43:43,,56,4,Hitting Power Lines,Street,11207,40.66848241766064,-73.89207021738568,In Progress,Brooklyn,Overgrown Tree/Branches,Other,2026-08-09,2,2026,8,Sunday,True
2026-08-09,768,70007268,2026-08-09 23:43:37,,4,1,No Access,Street/Sidewalk,11355,40.74788569913915,-73.81278068424997,In Progress,Queens,Blocked Driveway,Parking,2026-08-09,2,2026,8,Sunday,True
2026-08-09,769,70009038,2026-08-09 23:43:28,,5,3,Loud Music/Party,Store/Commercial,10451,40.82693842514068,-73.92528712466742,In Progress,Bronx,Noise - Commercial,Noise,2026-08-09,2,2026,8,Sunday,True
2026-08-09,770,70005145,2026-08-09 23:43:24,,8,3,Loud Music/Party,Street/Sidewalk,10459,40.823921300476016,-73.8991528403272,In Progress,Bronx,Noise - Street/Sidewalk,Noise,2026-08-09,2,2026,8,Sunday,True
2026-08-09,771,70007817,2026-08-09 23:43:07,,3,3,Loud Talking,Residential Building/House,10457,40.847438671250735,-73.89378587540816,In Progress,Bronx,Noise - Residential,Noise,2026-08-09,2,2026,8,Sunday,True
2026-08-09,772,70011285,2026-08-09 23:42:59,2026-08-10 01:06:48,3,2,Banging/Pounding,Residential Building/House,10032,40.83362501866115,-73.945765659468,Closed,Manhattan,Noise - Residential,Noise,2026-08-09,2,2026,8,Sunday,True
2026-08-09,773,70005502,2026-08-09 23:42:57,2026-08-10 00:01:49,5,4,Loud Music/Party,Store/Commercial,11206,40.699398062262304,-73.93853578828099,Closed,Brooklyn,Noise - Commercial,Noise,2026-08-09,2,2026,8,Sunday,True
2026-08-09,774,70009039,2026-08-09 23:42:52,,5,3,Loud Music/Party,Store/Commercial,10452,40.84276723569249,-73.91732173631907,In Progress,Bronx,Noise - Commercial,Noise,2026-08-09,2,2026,8,Sunday,True
2026-08-09,775,70004764,2026-08-09 23:42:45,2026-08-10 00:45:04,3,2,Loud Music/Party,Residential Building/House,10031,40.82810071386066,-73.9417845865792,Closed,Manhattan,Noise - Residential,Noise,2026-08-09,2,2026,8,Sunday,True
2026-08-09,776,70004642,2026-08-09 23:42:31,,3,1,Loud Music/Party,Residential Building/House,11356,40.78997281129045,-73.84555435027623,In Progress,Queens,Noise - Residential,Noise,2026-08-09,2,2026,8,Sunday,True
2026-08-09,777,70007459,2026-08-09 23:42:15,2026-08-10 01:38:57,6,2,Double Parked Blocking Traffic,Street/Sidewalk,10040,40.86152615415576,-73.92790544925118,Closed,Manhattan,Illegal Parking,Parking,2026-08-09,2,2026,8,Sunday,True
2026-08-09,778,70013900,2026-08-09 23:41:44,2026-08-10 00:44:59,3,2,Banging/Pounding,Residential Building/House,10031,40.82810071386066,-73.9417845865792,Closed,Manhattan,Noise - Residential,Noise,2026-08-09,2,2026,8,Sunday,True
2026-08-09,779,70013946,2026-08-09 23:41:36,2026-08-10 01:44:01,8,2,Loud Music/Party,Street/Sidewalk,10040,40.86160720998647,-73.92587722469645,Closed,Manhattan,Noise - Street/Sidewalk,Noise,2026-08-09,2,2026,8,Sunday,True
2026-08-09,780,70006791,2026-08-09 23:41:30,2026-08-10 01:19:03,4,4,No Access,Street/Sidewalk,11215,40.67054428046944,-73.97190012140196,Closed,Brooklyn,Blocked Driveway,Parking,2026-08-09,2,2026,8,Sunday,True
2026-08-09,781,70003843,2026-08-09 23:41:20,2026-08-09 23:49:32,5,3,Loud Music/Party,Store/Commercial,10452,40.84350960644517,-73.91532937084969,Closed,Bronx,Noise - Commercial,Noise,2026-08-09,2,2026,8,Sunday,True
2026-08-09,782,70006084,2026-08-09 23:40:44,2026-08-10 00:44:51,3,2,Banging/Pounding,Residential Building/House,10031,40.82810071386066,-73.9417845865792,Closed,Manhattan,Noise - Residential,Noise,2026-08-09,2,2026,8,Sunday,True
2026-08-09,783,70009934,2026-08-09 23:40:22,2026-08-10 01:28:47,18,2,Car/Truck Music,Street/Sidewalk,10031,40.82618778505925,-73.94780600462161,Closed,Manhattan,Noise - Vehicle,Noise,2026-08-09,2,2026,8,Sunday,True
2026-08-09,784,70013085,2026-08-09 23:40:03,,8,3,Loud Music/Party,Street/Sidewalk,10460,40.85237929987158,-73.8826193543708,In Progress,Bronx,Noise - Street/Sidewalk,Noise,2026-08-09,2,2026,8,Sunday,True
2026-08-09,785,70007819,2026-08-09 23:39:54,2026-08-10 00:35:31,8,3,Loud Music/Party,Street/Sidewalk,10458,40.85307410928549,-73.88301213649171,Closed,Bronx,Noise - Street/Sidewalk,Noise,2026-08-09,2,2026,8,Sunday,True
2026-08-09,786,70006599,2026-08-09 23:39:33,,8,3,Loud Music/Party,Street/Sidewalk,10463,40.877333350432416,-73.90916428689549,In Progress,Bronx,Noise - Street/Sidewalk,Noise,2026-08-09,2,2026,8,Sunday,True
2026-08-09,787,70010328,2026-08-09 23:39:26,,8,3,Loud Music/Party,Street/Sidewalk,10452,40.8316087021904,-73.92766684772094,In Progress,Bronx,Noise - Street/Sidewalk,Noise,2026-08-09,2,2026,8,Sunday,True
2026-08-09,788,70012040,2026-08-09 23:39:21,2026-08-10 01:10:22,3,4,Loud Music/Party,Residential Building/House,11211,40.71355093576775,-73.9589826954606,Closed,Brooklyn,Noise - Residential,Noise,2026-08-09,2,2026,8,Sunday,True
2026-08-09,789,70011735,2026-08-09 23:39:08,2026-08-09 23:55:27,3,3,Loud Music/Party,Residential Building/House,10453,40.846629543266666,-73.91425192178974,Closed,Bronx,Noise - Residential,Noise,2026-08-09,2,2026,8,Sunday,True
2026-08-09,790,70011103,2026-08-09 23:39:06,2026-08-10 00:36:57,8,1,Loud Talking,Street/Sidewalk,11419,40.68461442022546,-73.8203462565652,Closed,Queens,Noise - Street/Sidewalk,Noise,2026-08-09,2,2026,8,Sunday,True
2026-08-09,791,70011686,2026-08-09 23:39:05,,5,3,Loud Music/Party,Store/Commercial,10452,40.84276723569249,-73.91732173631907,In Progress,Bronx,Noise - Commercial,Noise,2026-08-09,2,2026,8,Sunday,True
2026-08-09,792,70010554,2026-08-09 23:39:03,2026-08-10 00:57:07,6,2,Blocked Bike Lane,Street/Sidewalk,10002,40.71407929691633,-73.98981322818993,Closed,Manhattan,Illegal Parking,Parking,2026-08-09,2,2026,8,Sunday,True
2026-08-09,793,70011799,2026-08-09 23:38:56,,6,3,Posted Parking Sign Violation,Street/Sidewalk,10463,40.88323228851747,-73.89681347507215,In Progress,Bronx,Illegal Parking,Parking,2026-08-09,2,2026,8,Sunday,True
2026-08-09,794,70006563,2026-08-09 23:38:42,2026-08-10 00:38:05,8,3,Loud Music/Party,Street/Sidewalk,10460,40.85230218315347,-73.88235923111634,Closed,Bronx,Noise - Street/Sidewalk,Noise,2026-08-09,2,2026,8,Sunday,True
2026-08-09,795,70010576,2026-08-09 23:38:38,,25,4,Cave-In,Street,11232,40.650617777080505,-74.00456959636391,In Progress,Brooklyn,Street Condition,Transportation,2026-08-09,2,2026,8,Sunday,True
2026-08-09,796,70013316,2026-08-09 23:38:35,2026-08-10 00:46:23,3,4,Loud Music/Party,Residential Building/House,11207,40.6866615318414,-73.90843606047973,Closed,Brooklyn,Noise - Residential,Noise,2026-08-09,2,2026,8,Sunday,True
2026-08-09,797,70004404,2026-08-09 23:38:32,,51,2,Entire Building,RESIDENTIAL BUILDING,10033,40.8514818245853,-73.93466130374979,Open,Manhattan,Heat/Hot Water,Infrastructure,2026-08-09,2,2026,8,Sunday,True
2026-08-09,798,70011945,2026-08-09 23:38:26,2026-08-09 23:52:35,3,4,Loud Music/Party,Residential Building/House,11208,40.66741351273327,-73.86035785184494,Closed,Brooklyn,Noise - Residential,Noise,2026-08-09,2,2026,8,Sunday,True
2026-08-09,799,70010679,2026-08-09 23:38:21,2026-08-10 01:45:33,6,4,Blocked Sidewalk,Street/Sidewalk,11201,40.69301330466446,-73.99075763206594,Closed,Brooklyn,Illegal Parking,Parking,2026-08-09,2,2026,8,Sunday,True
2026-08-09,800,70005947,2026-08-09 23:38:20,,3,1,Loud Music/Party,Residential Building/House,11368,40.74007946193099,-73.85019522443243,In Progress,Queens,Noise - Residential,Noise,2026-08-09,2,2026,8,Sunday,True
2026-08-09,801,70004002,2026-08-09 23:34:41,,6,4,Blocked Hydrant,Street/Sidewalk,11214,40.59925996854532,-74.0054159200072,In Progress,Brooklyn,Illegal Parking,Parking,2026-08-09,2,2026,8,Sunday,True
2026-08-09,802,70012134,2026-08-09 23:38:16,,53,4,Heavy Flow,RESIDENTIAL BUILDING,11203,40.64821923901372,-73.94445689157101,Open,Brooklyn,Water Leak,Infrastructure,2026-08-09,2,2026,8,Sunday,True
2026-08-09,803,70011690,2026-08-09 23:38:13,2026-08-09 23:49:24,8,3,Loud Music/Party,Street/Sidewalk,10452,40.84314200920652,-73.91559367633741,Closed,Bronx,Noise - Street/Sidewalk,Noise,2026-08-09,2,2026,8,Sunday,True
2026-08-09,804,70006955,2026-08-09 23:38:11,,55,2,Pests,RESIDENTIAL BUILDING,10025,40.80121542295853,-73.96790072656121,Open,Manhattan,Unsanitary Condition,Other,2026-08-09,2,2026,8,Sunday,True
2026-08-09,805,70013420,2026-08-09 23:38:00,,37,3,Street Light Out,,10460,40.84186207458094,-73.8804296686123,Open,Bronx,Street Light Condition,Transportation,2026-08-09,2,2026,8,Sunday,True
2026-08-09,806,70009123,2026-08-09 23:37:50,2026-08-10 00:25:39,8,3,Loud Music/Party,Street/Sidewalk,10462,40.85289148431749,-73.86887880260635,Closed,Bronx,Noise - Street/Sidewalk,Noise,2026-08-09,2,2026,8,Sunday,True
2026-08-09,807,70012074,2026-08-09 23:37:50,,20,1,Driver Complaint - Passenger,Street,11430,40.64832048620134,-73.78828125130184,In Progress,Queens,Taxi Complaint,Vehicle,2026-08-09,2,2026,8,Sunday,True
2026-08-09,808,70013346,2026-08-09 23:37:49,2026-08-10 01:18:39,6,4,Blocked Bike Lane,Street/Sidewalk,11249,40.71623764986799,-73.96617405996297,Closed,Brooklyn,Illegal Parking,Parking,2026-08-09,2,2026,8,Sunday,True
2026-08-09,809,70006525,2026-08-09 23:37:29,2026-08-10 00:16:02,8,3,Loud Music/Party,Street/Sidewalk,10452,40.84568010074702,-73.91455675121453,Closed,Bronx,Noise - Street/Sidewalk,Noise,2026-08-09,2,2026,8,Sunday,True
2026-08-09,810,70004676,2026-08-09 23:37:21,,3,1,Loud Music/Party,Residential Building/House,11436,40.67603063994052,-73.79829856312551,In Progress,Queens,Noise - Residential,Noise,2026-08-09,2,2026,8,Sunday,True
2026-08-09,811,70003903,2026-08-09 23:37:17,,8,3,Loud Music/Party,Street/Sidewalk,10460,40.84885657260974,-73.8840786101926,In Progress,Bronx,Noise - Street/Sidewalk,Noise,2026-08-09,2,2026,8,Sunday,True
2026-08-09,812,70004022,2026-08-09 23:36:46,2026-08-10 01:21:39,3,4,Loud Music/Party,Residential Building/House,11210,40.62621661407996,-73.93827175606955,Closed,Brooklyn,Noise - Residential,Noise,2026-08-09,2,2026,8,Sunday,True
2026-08-09,813,70006882,2026-08-09 23:36:44,,1,2,Driver Complaint - Non Passenger,Street,10036,40.76021536046788,-73.98533373855116,In Progress,Manhattan,For Hire Vehicle Complaint,Vehicle,2026-08-09,2,2026,8,Sunday,True
2026-08-09,814,70007246,2026-08-09 23:36:39,,6,1,Blocked Crosswalk,Street/Sidewalk,11109,40.74665452542752,-73.95650820907728,In Progress,Queens,Illegal Parking,Parking,2026-08-09,2,2026,8,Sunday,True
2026-08-09,815,70005439,2026-08-09 23:36:37,2026-08-10 00:22:11,3,4,Loud Music/Party,Residential Building/House,11215,40.65870920873175,-73.9920490912512,Closed,Brooklyn,Noise - Residential,Noise,2026-08-09,2,2026,8,Sunday,True
2026-08-09,816,70012601,2026-08-09 23:36:26,2026-08-10 01:49:30,8,2,Loud Music/Party,Street/Sidewalk,10031,40.82622075758807,-73.94788547121932,Closed,Manhattan,Noise - Street/Sidewalk,Noise,2026-08-09,2,2026,8,Sunday,True
2026-08-09,817,70009640,2026-08-09 23:36:20,,28,2,Signs Of Rodents,3+ Family Apt. Building,10023,40.776814663139454,-73.97952060748919,In Progress,Manhattan,Rodent,Sanitation,2026-08-09,2,2026,8,Sunday,True
2026-08-09,818,70004167,2026-08-09 23:36:00,2026-08-09 23:38:13,8,4,Loud Music/Party,Street/Sidewalk,11237,40.70222972460807,-73.91542585858103,Closed,Brooklyn,Noise - Street/Sidewalk,Noise,2026-08-09,2,2026,8,Sunday,True
2026-08-09,819,70010683,2026-08-09 23:35:59,2026-08-09 23:38:12,6,4,Blocked Bike Lane,Street/Sidewalk,11205,40.69667965765949,-73.97052954136319,Closed,Brooklyn,Illegal Parking,Parking,2026-08-09,2,2026,8,Sunday,True
2026-08-09,820,70010677,2026-08-09 23:35:50,2026-08-09 23:58:31,6,4,Commercial Overnight Parking,Street/Sidewalk,11201,40.700270386304894,-73.98976845412388,Closed,Brooklyn,Illegal Parking,Parking,2026-08-09,2,2026,8,Sunday,True
2026-08-09,821,70006675,2026-08-09 23:35:48,2026-08-10 01:17:00,3,4,Loud Music/Party,Residential Building/House,11210,40.62621661407996,-73.93827175606955,Closed,Brooklyn,Noise - Residential,Noise,2026-08-09,2,2026,8,Sunday,True
2026-08-09,822,70013387,2026-08-09 23:35:30,,1,1,Driver Complaint - Passenger,Street,11430,40.64832048620134,-73.78828125130184,In Progress,Queens,For Hire Vehicle Complaint,Vehicle,2026-08-09,2,2026,8,Sunday,True
2026-08-09,823,70006722,2026-08-09 23:35:29,2026-08-10 00:17:44,8,4,Loud Music/Party,Street/Sidewalk,11226,40.64830045148139,-73.96190573586907,Closed,Brooklyn,Noise - Street/Sidewalk,Noise,2026-08-09,2,2026,8,Sunday,True
2026-08-09,824,70008802,2026-08-09 23:35:23,2026-08-10 00:01:43,3,1,Loud Music/Party,Residential Building/House,11413,,,Closed,Queens,Noise - Residential,Noise,2026-08-09,2,2026,8,Sunday,True
2026-08-09,825,70006447,2026-08-09 23:35:21,,8,3,Loud Music/Party,Street/Sidewalk,10456,40.82954090658286,-73.91055206504608,In Progress,Bronx,Noise - Street/Sidewalk,Noise,2026-08-09,2,2026,8,Sunday,True
2026-08-09,826,70005380,2026-08-09 23:35:13,,5,4,Loud Music/Party,Store/Commercial,11228,40.62081201568976,-74.00691257069772,In Progress,Brooklyn,Noise - Commercial,Noise,2026-08-09,2,2026,8,Sunday,True
2026-08-09,827,70005906,2026-08-09 23:35:10,2026-08-10 00:38:43,8,1,Loud Music/Party,Street/Sidewalk,11419,40.68461442022546,-73.8203462565652,Closed,Queens,Noise - Street/Sidewalk,Noise,2026-08-09,2,2026,8,Sunday,True
2026-08-09,828,70009351,2026-08-09 23:34:59,2026-08-10 01:35:25,3,4,Loud Music/Party,Residential Building/House,11217,40.68552441381853,-73.98123970346732,Closed,Brooklyn,Noise - Residential,Noise,2026-08-09,2,2026,8,Sunday,True
2026-08-09,829,70013363,2026-08-09 23:34:48,,36,3,Allowed In Smoke Free Area,Residential Building,10455,40.81921792607878,-73.91779538246868,In Progress,Bronx,Smoking Or Vaping,Other,2026-08-09,2,2026,8,Sunday,True
2026-08-09,830,70009041,2026-08-09 23:34:45,,6,3,Double Parked Blocking Traffic,Street/Sidewalk,10452,40.83420533742164,-73.91958372873752,In Progress,Bronx,Illegal Parking,Parking,2026-08-09,2,2026,8,Sunday,True
2026-08-09,831,70005520,2026-08-09 23:34:17,2026-08-10 00:33:09,6,4,Blocked Bike Lane,Street/Sidewalk,11205,40.6918925390296,-73.96959769970277,Closed,Brooklyn,Illegal Parking,Parking,2026-08-09,2,2026,8,Sunday,True
2026-08-09,832,70012997,2026-08-09 23:34:17,,8,3,Loud Talking,Street/Sidewalk,10459,40.823921300476016,-73.8991528403272,In Progress,Bronx,Noise - Street/Sidewalk,Noise,2026-08-09,2,2026,8,Sunday,True
2026-08-09,833,70009350,2026-08-09 23:34:16,,8,4,Loud Music/Party,Street/Sidewalk,11201,40.70141153676923,-73.9838932442023,In Progress,Brooklyn,Noise - Street/Sidewalk,Noise,2026-08-09,2,2026,8,Sunday,True
2026-08-09,834,70010629,2026-08-09 23:34:15,2026-08-10 01:21:56,8,4,Loud Music/Party,Street/Sidewalk,11225,40.65579100920671,-73.9620456210849,Closed,Brooklyn,Noise - Street/Sidewalk,Noise,2026-08-09,2,2026,8,Sunday,True
2026-08-09,835,70008060,2026-08-09 23:34:11,2026-08-09 23:58:31,6,4,Commercial Overnight Parking,Street/Sidewalk,11201,40.700240194197,-73.98977206522254,Closed,Brooklyn,Illegal Parking,Parking,2026-08-09,2,2026,8,Sunday,True
2026-08-09,836,70008483,2026-08-09 23:34:10,,6,1,Commercial Overnight Parking,Street/Sidewalk,11365,40.73515934154131,-73.78073447130546,In Progress,Queens,Illegal Parking,Parking,2026-08-09,2,2026,8,Sunday,True
2026-08-09,837,70013243,2026-08-09 23:34:09,2026-08-10 00:22:36,3,4,Loud Music/Party,Residential Building/House,11215,,,Closed,Brooklyn,Noise - Residential,Noise,2026-08-09,2,2026,8,Sunday,True
2026-08-09,838,70009178,2026-08-09 23:33:54,2026-08-10 00:22:07,3,3,Loud Music/Party,Residential Building/House,10467,40.87581786325145,-73.87624275879938,Closed,Bronx,Noise - Residential,Noise,2026-08-09,2,2026,8,Sunday,True
2026-08-09,839,70005904,2026-08-09 23:33:53,2026-08-10 00:51:39,6,1,Blocked Crosswalk,Street/Sidewalk,11420,40.67879468553541,-73.80631563318876,Closed,Queens,Illegal Parking,Parking,2026-08-09,2,2026,8,Sunday,True
2026-08-09,840,70010773,2026-08-09 23:32:00,,37,3,Street Light Out,,10462,40.855052328462335,-73.86478251715378,Open,Bronx,Street Light Condition,Transportation,2026-08-09,2,2026,8,Sunday,True
2026-08-09,841,70007371,2026-08-09 23:33:43,2026-08-10 01:31:18,16,2,Unknown,Street/Sidewalk,10036,40.76284845975061,-73.99685581622498,Closed,Manhattan,Encampment,Other,2026-08-09,2,2026,8,Sunday,True
2026-08-09,842,70012694,2026-08-09 23:33:43,,16,2,Unknown,Street/Sidewalk,10036,40.76284845975061,-73.99685581622498,In Progress,Manhattan,Encampment,Other,2026-08-09,2,2026,8,Sunday,True
2026-08-09,843,70012457,2026-08-09 23:33:36,,6,1,Commercial Overnight Parking,Street/Sidewalk,11377,40.73665710734248,-73.91903750753153,In Progress,Queens,Illegal Parking,Parking,2026-08-09,2,2026,8,Sunday,True
2026-08-09,844,70007147,2026-08-09 23:33:03,2026-08-09 23:58:31,3,3,Banging/Pounding,Residential Building/House,10473,40.81869187096104,-73.85044458325993,Closed,Bronx,Noise - Residential,Noise,2026-08-09,2,2026,8,Sunday,True
2026-08-09,845,70004955,2026-08-09 23:32:59,,6,1,Blocked Hydrant,Street/Sidewalk,11422,40.65358721360082,-73.72915243845608,In Progress,Queens,Illegal Parking,Parking,2026-08-09,2,2026,8,Sunday,True
2026-08-09,846,70012647,2026-08-09 23:32:59,2026-08-10 01:43:38,8,2,Loud Music/Party,Street/Sidewalk,10033,40.85028931248172,-73.92785618030257,Closed,Manhattan,Noise - Street/Sidewalk,Noise,2026-08-09,2,2026,8,Sunday,True
2026-08-09,847,70008258,2026-08-09 23:32:40,,51,3,Entire Building,RESIDENTIAL BUILDING,10458,40.86836868615612,-73.89261353516922,Open,Bronx,Heat/Hot Water,Infrastructure,2026-08-09,2,2026,8,Sunday,True
2026-08-09,848,70010795,2026-08-09 23:32:40,,51,3,Entire Building,RESIDENTIAL BUILDING,10458,40.86836868615612,-73.89261353516922,Open,Bronx,Heat/Hot Water,Infrastructure,2026-08-09,2,2026,8,Sunday,True
2026-08-09,849,70005208,2026-08-09 23:32:39,2026-08-10 01:10:23,8,3,Loud Music/Party,Street/Sidewalk,10453,40.850655157705816,-73.91681311386506,Closed,Bronx,Noise - Street/Sidewalk,Noise,2026-08-09,2,2026,8,Sunday,True
2026-08-09,850,70011368,2026-08-09 23:32:29,,57,1,Weeds Or Grass,Sidewalk,11378,40.71676541915655,-73.9075361522905,In Progress,Queens,Obstruction,Other,2026-08-09,2,2026,8,Sunday,True
2026-08-09,851,70012613,2026-08-09 23:32:23,,8,2,Loud Music/Party,Street/Sidewalk,10032,40.83542937652239,-73.94233831197468,In Progress,Manhattan,Noise - Street/Sidewalk,Noise,2026-08-09,2,2026,8,Sunday,True
2026-08-09,852,70003799,2026-08-09 23:31:47,,8,3,Loud Music/Party,Street/Sidewalk,10456,40.82954090658286,-73.91055206504608,In Progress,Bronx,Noise - Street/Sidewalk,Noise,2026-08-09,2,2026,8,Sunday,True
2026-08-09,853,70011307,2026-08-09 23:31:43,2026-08-10 01:41:26,8,2,Loud Music/Party,Street/Sidewalk,10033,40.85173577307066,-73.9278582261028,Closed,Manhattan,Noise - Street/Sidewalk,Noise,2026-08-09,2,2026,8,Sunday,True
2026-08-09,854,70005663,2026-08-09 23:31:42,,55,1,Pests,RESIDENTIAL BUILDING,11355,40.75833143558968,-73.82268860273369,Open,Queens,Unsanitary Condition,Other,2026-08-09,2,2026,8,Sunday,True
2026-08-09,855,70010859,2026-08-09 23:31:42,,50,2,Water Supply,RESIDENTIAL BUILDING,10031,40.82310801229944,-73.94736400593808,Open,Manhattan,Plumbing,Infrastructure,2026-08-09,2,2026,8,Sunday,True
2026-08-09,856,70012147,2026-08-09 23:31:42,,55,1,Pests,RESIDENTIAL BUILDING,11355,40.75833143558968,-73.82268860273369,Open,Queens,Unsanitary Condition,Other,2026-08-09,2,2026,8,Sunday,True
2026-08-09,857,70011151,2026-08-09 23:31:31,,5,1,Loud Music/Party,Club/Bar/Restaurant,11354,40.7638134402157,-73.82861953775803,In Progress,Queens,Noise - Commercial,Noise,2026-08-09,2,2026,8,Sunday,True
2026-08-09,858,70011004,2026-08-09 23:31:29,2026-08-10 00:01:42,8,4,Loud Music/Party,Street/Sidewalk,11217,40.68359855036261,-73.98861723132933,Closed,Brooklyn,Noise - Street/Sidewalk,Noise,2026-08-09,2,2026,8,Sunday,True
2026-08-09,859,70010360,2026-08-09 23:31:29,2026-08-10 00:43:12,6,3,Blocked Hydrant,Street/Sidewalk,10465,40.8300190403852,-73.82854296124921,Closed,Bronx,Illegal Parking,Parking,2026-08-09,2,2026,8,Sunday,True
2026-08-09,860,70010397,2026-08-09 23:31:12,2026-08-09 23:44:43,3,3,Loud Music/Party,Residential Building/House,10466,40.88620377512507,-73.85285322959349,Closed,Bronx,Noise - Residential,Noise,2026-08-09,2,2026,8,Sunday,True
2026-08-09,861,70008073,2026-08-09 23:31:11,2026-08-10 00:31:57,6,4,Posted Parking Sign Violation,Street/Sidewalk,11201,40.69348938003249,-73.97916756098195,Closed,Brooklyn,Illegal Parking,Parking,2026-08-09,2,2026,8,Sunday,True
2026-08-09,862,70012216,2026-08-09 23:31:11,,51,2,Entire Building,RESIDENTIAL BUILDING,10033,40.8514818245853,-73.93466130374979,Open,Manhattan,Heat/Hot Water,Infrastructure,2026-08-09,2,2026,8,Sunday,True
2026-08-09,863,70006122,2026-08-09 23:31:00,2026-08-10 01:41:26,8,2,Loud Music/Party,Street/Sidewalk,10033,40.85173577307066,-73.9278582261028,Closed,Manhattan,Noise - Street/Sidewalk,Noise,2026-08-09,2,2026,8,Sunday,True
2026-08-09,864,70010198,2026-08-09 23:30:56,,2,4,Leak,,11210,40.62896669631614,-73.94907345261832,In Progress,Brooklyn,Water Maintenance,Infrastructure,2026-08-09,2,2026,8,Sunday,True
2026-08-09,865,70004656,2026-08-09 23:30:52,,6,1,Posted Parking Sign Violation,Street/Sidewalk,11373,40.73909743076647,-73.86866971719114,In Progress,Queens,Illegal Parking,Parking,2026-08-09,2,2026,8,Sunday,True
2026-08-09,866,70008066,2026-08-09 23:30:50,2026-08-09 23:32:09,6,4,Blocked Bike Lane,Street/Sidewalk,11238,40.6837895708457,-73.96810147455102,Closed,Brooklyn,Illegal Parking,Parking,2026-08-09,2,2026,8,Sunday,True
2026-08-09,867,70010748,2026-08-09 23:30:44,,20,2,Driver Complaint - Passenger,Street,10036,40.75902423566195,-73.98609202687479,In Progress,Manhattan,Taxi Complaint,Vehicle,2026-08-09,2,2026,8,Sunday,True
2026-08-09,868,70005546,2026-08-09 23:30:40,2026-08-10 00:39:22,6,4,Commercial Overnight Parking,Street/Sidewalk,11222,40.736695577266325,-73.95395993500448,Closed,Brooklyn,Illegal Parking,Parking,2026-08-09,2,2026,8,Sunday,True
2026-08-09,869,70004079,2026-08-09 23:30:34,,3,4,Loud Music/Party,Residential Building/House,11226,40.655227920715696,-73.95346113703053,In Progress,Brooklyn,Noise - Residential,Noise,2026-08-09,2,2026,8,Sunday,True
2026-08-09,870,70004763,2026-08-09 23:30:20,2026-08-10 01:33:45,3,2,Loud Talking,Residential Building/House,10031,40.82416166479311,-73.95297805704422,Closed,Manhattan,Noise - Residential,Noise,2026-08-09,2,2026,8,Sunday,True
2026-08-09,871,70006579,2026-08-09 23:30:16,2026-08-10 01:00:10,6,3,Posted Parking Sign Violation,Street/Sidewalk,10469,40.86152700930596,-73.84922030829011,Closed,Bronx,Illegal Parking,Parking,2026-08-09,2,2026,8,Sunday,True
2026-08-09,872,70004523,2026-08-09 23:30:10,2026-08-10 01:39:01,8,2,Loud Music/Party,Street/Sidewalk,10011,40.74318504069805,-74.00475638478369,Closed,Manhattan,Noise - Street/Sidewalk,Noise,2026-08-09,2,2026,8,Sunday,True
2026-08-09,873,70003991,2026-08-09 23:29:56,,6,4,Blocked Hydrant,Street/Sidewalk,11229,40.60481758368325,-73.95461628430601,In Progress,Brooklyn,Illegal Parking,Parking,2026-08-09,2,2026,8,Sunday,True
2026-08-09,874,70006089,2026-08-09 23:29:55,,8,2,Loud Music/Party,Street/Sidewalk,10032,40.83853601509509,-73.94159475699887,In Progress,Manhattan,Noise - Street/Sidewalk,Noise,2026-08-09,2,2026,8,Sunday,True
2026-08-09,875,70012360,2026-08-09 23:29:36,2026-08-10 00:51:47,6,2,Posted Parking Sign Violation,Street/Sidewalk,10001,40.75205887561355,-74.00286215142387,Closed,Manhattan,Illegal Parking,Parking,2026-08-09,2,2026,8,Sunday,True
2026-08-09,876,70007523,2026-08-09 23:29:35,,33,3,Trash,Sidewalk,10463,40.87830831754518,-73.90315295375152,In Progress,Bronx,Dirty Condition,Sanitation,2026-08-09,2,2026,8,Sunday,True
2026-08-09,877,70010718,2026-08-09 23:29:21,2026-08-10 00:38:33,6,4,Commercial Overnight Parking,Street/Sidewalk,11222,40.7367175179666,-73.95391661856549,Closed,Brooklyn,Illegal Parking,Parking,2026-08-09,2,2026,8,Sunday,True
2026-08-09,878,70004770,2026-08-09 23:29:19,,8,2,Loud Music/Party,Street/Sidewalk,10032,40.83542937652239,-73.94233831197468,In Progress,Manhattan,Noise - Street/Sidewalk,Noise,2026-08-09,2,2026,8,Sunday,True
2026-08-09,879,70005512,2026-08-09 23:29:15,2026-08-10 00:08:43,8,4,Loud Music/Party,Street/Sidewalk,11201,40.69453580646062,-73.9832710401492,Closed,Brooklyn,Noise - Street/Sidewalk,Noise,2026-08-09,2,2026,8,Sunday,True
2026-08-09,880,70008065,2026-08-09 23:29:13,2026-08-09 23:32:09,6,4,Blocked Bike Lane,Street/Sidewalk,11238,40.6837895708457,-73.96810147455102,Closed,Brooklyn,Illegal Parking,Parking,2026-08-09,2,2026,8,Sunday,True
2026-08-09,881,70009322,2026-08-09 23:29:12,2026-08-09 23:52:34,3,4,Banging/Pounding,Residential Building/House,11216,40.67756271352976,-73.9482828484792,Closed,Brooklyn,Noise - Residential,Noise,2026-08-09,2,2026,8,Sunday,True
2026-08-09,882,70004403,2026-08-09 23:29:10,,51,3,Entire Building,RESIDENTIAL BUILDING,10451,40.81604970414737,-73.92054859286367,Open,Bronx,Heat/Hot Water,Infrastructure,2026-08-09,2,2026,8,Sunday,True
2026-08-09,883,70013628,2026-08-09 23:29:06,,56,1,Hitting Building,Street,11412,40.70250130644875,-73.75580486897593,In Progress,Queens,Overgrown Tree/Branches,Other,2026-08-09,2,2026,8,Sunday,True
2026-08-09,884,70009950,2026-08-09 23:28:59,,8,2,Loud Music/Party,Street/Sidewalk,10032,40.84189808062376,-73.93603686370562,In Progress,Manhattan,Noise - Street/Sidewalk,Noise,2026-08-09,2,2026,8,Sunday,True
2026-08-09,885,70007844,2026-08-09 23:28:52,,8,3,Loud Music/Party,Street/Sidewalk,10463,40.87701917862079,-73.91104868105275,In Progress,Bronx,Noise - Street/Sidewalk,Noise,2026-08-09,2,2026,8,Sunday,True
2026-08-09,886,70005529,2026-08-09 23:28:42,2026-08-10 00:31:42,6,4,Blocked Hydrant,Street/Sidewalk,11205,40.69383498754653,-73.97791612982495,Closed,Brooklyn,Illegal Parking,Parking,2026-08-09,2,2026,8,Sunday,True
2026-08-09,887,70013681,2026-08-09 23:28:37,2026-08-10 01:32:47,3,1,Loud Music/Party,Residential Building/House,11415,40.70605136770773,-73.8314082066275,Closed,Queens,Noise - Residential,Noise,2026-08-09,2,2026,8,Sunday,True
2026-08-09,888,70004527,2026-08-09 23:28:27,2026-08-09 23:53:46,5,1,Loud Music/Party,Club/Bar/Restaurant,11692,40.58962360673008,-73.7977962455396,Closed,Queens,Noise - Commercial,Noise,2026-08-09,2,2026,8,Sunday,True
2026-08-09,889,70010403,2026-08-09 23:28:26,,8,3,Loud Music/Party,Street/Sidewalk,10460,40.85237929987158,-73.8826193543708,In Progress,Bronx,Noise - Street/Sidewalk,Noise,2026-08-09,2,2026,8,Sunday,True
2026-08-09,890,70011800,2026-08-09 23:22:39,,6,3,Posted Parking Sign Violation,Street/Sidewalk,10463,40.88129929579129,-73.89909112086623,In Progress,Bronx,Illegal Parking,Parking,2026-08-09,2,2026,8,Sunday,True
2026-08-09,891,70004173,2026-08-09 23:28:24,2026-08-10 00:05:10,3,4,Loud Music/Party,Residential Building/House,11221,40.690085129394966,-73.91680790551592,Closed,Brooklyn,Noise - Residential,Noise,2026-08-09,2,2026,8,Sunday,True
2026-08-09,892,70013019,2026-08-09 23:28:22,,8,3,Loud Music/Party,Street/Sidewalk,10452,40.83288320225144,-73.92076337872612,In Progress,Bronx,Noise - Street/Sidewalk,Noise,2026-08-09,2,2026,8,Sunday,True
2026-08-09,893,70004074,2026-08-09 23:28:18,2026-08-10 00:43:02,3,4,Loud Music/Party,Residential Building/House,11226,40.654468306915255,-73.96291133141843,Closed,Brooklyn,Noise - Residential,Noise,2026-08-09,2,2026,8,Sunday,True
2026-08-09,894,70006977,2026-08-09 23:28:11,,55,4,Mold,RESIDENTIAL BUILDING,11205,40.69146677615553,-73.95962011741983,Open,Brooklyn,Unsanitary Condition,Other,2026-08-09,2,2026,8,Sunday,True
2026-08-09,895,70006836,2026-08-09 23:28:06,2026-08-09 23:35:10,6,4,Blocked Bike Lane,Street/Sidewalk,11238,40.68413264729373,-73.96802919855655,Closed,Brooklyn,Illegal Parking,Parking,2026-08-09,2,2026,8,Sunday,True
2026-08-09,896,70004595,2026-08-09 23:27:54,2026-08-10 00:38:30,3,1,Loud Talking,Residential Building/House,11419,40.68461442022546,-73.8203462565652,Closed,Queens,Noise - Residential,Noise,2026-08-09,2,2026,8,Sunday,True
2026-08-09,897,70010742,2026-08-09 23:27:43,,1,2,Driver Complaint - Non Passenger,Street,10019,40.76309784059387,-73.99000427383669,In Progress,Manhattan,For Hire Vehicle Complaint,Vehicle,2026-08-09,2,2026,8,Sunday,True
2026-08-09,898,70012569,2026-08-09 23:27:30,2026-08-10 01:00:35,5,2,Loud Music/Party,Club/Bar/Restaurant,10016,40.74821418324599,-73.97810382002123,Closed,Manhattan,Noise - Commercial,Noise,2026-08-09,2,2026,8,Sunday,True
2026-08-09,899,70005882,2026-08-09 23:27:26,,6,1,Posted Parking Sign Violation,Street/Sidewalk,11374,40.71199456732221,-73.86072616515352,In Progress,Queens,Illegal Parking,Parking,2026-08-09,2,2026,8,Sunday,True
2026-08-09,900,70006444,2026-08-09 23:27:23,,8,3,Loud Music/Party,Street/Sidewalk,10459,40.823921300476016,-73.8991528403272,In Progress,Bronx,Noise - Street/Sidewalk,Noise,2026-08-09,2,2026,8,Sunday,True
2026-08-09,901,70003874,2026-08-09 23:27:17,2026-08-10 00:15:58,8,3,Loud Music/Party,Street/Sidewalk,10452,40.84557361166592,-73.91530867195758,Closed,Bronx,Noise - Street/Sidewalk,Noise,2026-08-09,2,2026,8,Sunday,True
2026-08-09,902,70006782,2026-08-09 23:26:58,2026-08-09 23:53:03,6,4,Blocked Bike Lane,Street/Sidewalk,11238,40.68010319849486,-73.96759127441446,Closed,Brooklyn,Illegal Parking,Parking,2026-08-09,2,2026,8,Sunday,True
2026-08-09,903,70007173,2026-08-09 23:26:54,,4,1,No Access,Street/Sidewalk,11421,40.68632175358135,-73.85768247581184,In Progress,Queens,Blocked Driveway,Parking,2026-08-09,2,2026,8,Sunday,True
2026-08-09,904,70013816,2026-08-09 23:26:49,,3,1,Loud Music/Party,Residential Building/House,11106,40.75762281270741,-73.933991752792,In Progress,Queens,Noise - Residential,Noise,2026-08-09,2,2026,8,Sunday,True
2026-08-09,905,70012634,2026-08-09 23:26:40,,8,2,Loud Music/Party,Street/Sidewalk,10040,40.863154824278624,-73.92962818220569,In Progress,Manhattan,Noise - Street/Sidewalk,Noise,2026-08-09,2,2026,8,Sunday,True
2026-08-09,906,70011721,2026-08-09 23:26:21,2026-08-10 01:11:09,8,3,Loud Music/Party,Street/Sidewalk,10453,40.850537260475846,-73.91698676286084,Closed,Bronx,Noise - Street/Sidewalk,Noise,2026-08-09,2,2026,8,Sunday,True
2026-08-09,907,70004491,2026-08-09 23:26:07,,34,4,Branch Or Limb Has Fallen Down,Park,11201,40.69978386409296,-73.98370610254294,In Progress,Brooklyn,Damaged Tree,Other,2026-08-09,2,2026,8,Sunday,True
2026-08-09,908,70008688,2026-08-09 23:26:03,2026-08-10 01:41:10,8,2,Loud Music/Party,Street/Sidewalk,10040,40.863154824278624,-73.92962818220569,Closed,Manhattan,Noise - Street/Sidewalk,Noise,2026-08-09,2,2026,8,Sunday,True
2026-08-09,909,70012682,2026-08-09 23:25:41,,52,4,Structure - Outdoors,Park,11206,40.70920256518156,-73.93891269151246,In Progress,Brooklyn,Maintenance Or Facility,Other,2026-08-09,2,2026,8,Sunday,True
2026-08-09,910,70003800,2026-08-09 23:25:31,,3,3,Loud Music/Party,Residential Building/House,10456,40.82954090658286,-73.91055206504608,In Progress,Bronx,Noise - Residential,Noise,2026-08-09,2,2026,8,Sunday,True
2026-08-09,911,70008209,2026-08-09 23:25:10,,55,4,Mold,RESIDENTIAL BUILDING,11207,40.690244308142745,-73.9060836824212,Open,Brooklyn,Unsanitary Condition,Other,2026-08-09,2,2026,8,Sunday,True
2026-08-09,912,70005364,2026-08-09 23:24:39,2026-08-09 23:38:11,8,4,Loud Talking,Street/Sidewalk,11203,40.654526679882416,-73.9443110844574,Closed,Brooklyn,Noise - Street/Sidewalk,Noise,2026-08-09,2,2026,8,Sunday,True
2026-08-09,913,70013103,2026-08-09 23:24:36,2026-08-10 00:25:43,8,3,Loud Music/Party,Street/Sidewalk,10462,40.85028642648127,-73.86858754033622,Closed,Bronx,Noise - Street/Sidewalk,Noise,2026-08-09,2,2026,8,Sunday,True
2026-08-09,914,70006598,2026-08-09 23:24:35,,8,3,Loud Music/Party,Street/Sidewalk,10471,40.89583455287594,-73.89234490335011,In Progress,Bronx,Noise - Street/Sidewalk,Noise,2026-08-09,2,2026,8,Sunday,True
2026-08-09,915,70008429,2026-08-09 23:24:16,,12,1,With License Plate,Street/Sidewalk,11421,40.69102028077733,-73.86640250235494,In Progress,Queens,Abandoned Vehicle,Vehicle,2026-08-09,2,2026,8,Sunday,True
2026-08-09,916,70012450,2026-08-09 23:24:08,,6,1,Commercial Overnight Parking,Street/Sidewalk,11367,40.72802028779333,-73.82757868512185,In Progress,Queens,Illegal Parking,Parking,2026-08-09,2,2026,8,Sunday,True
2026-08-09,917,70008615,2026-08-09 23:24:02,2026-08-09 23:44:19,5,2,Loud Music/Party,Club/Bar/Restaurant,10016,40.74821418324599,-73.97810382002123,Closed,Manhattan,Noise - Commercial,Noise,2026-08-09,2,2026,8,Sunday,True
2026-08-09,918,70006116,2026-08-09 23:24:00,2026-08-10 01:39:49,18,2,Car/Truck Music,Street/Sidewalk,10040,40.86174999228432,-73.92596744617518,Closed,Manhattan,Noise - Vehicle,Noise,2026-08-09,2,2026,8,Sunday,True
2026-08-09,919,70006263,2026-08-09 23:24:00,2026-08-10 00:00:00,48,4,Controller,,11208,40.68693828355353,-73.87322194168321,Closed,Brooklyn,Traffic Signal Condition,Transportation,2026-08-09,2,2026,8,Sunday,True
2026-08-09,920,70010299,2026-08-09 23:23:57,,8,3,Loud Music/Party,Street/Sidewalk,10460,40.83509471148167,-73.88696108680008,In Progress,Bronx,Noise - Street/Sidewalk,Noise,2026-08-09,2,2026,8,Sunday,True
2026-08-09,921,70009324,2026-08-09 23:23:52,2026-08-09 23:53:20,6,4,Blocked Bike Lane,Street/Sidewalk,11215,40.677213540959485,-73.98317443918438,Closed,Brooklyn,Illegal Parking,Parking,2026-08-09,2,2026,8,Sunday,True
2026-08-09,922,70005307,2026-08-09 23:23:48,2026-08-10 00:12:20,8,3,Loud Music/Party,Street/Sidewalk,10458,40.86926659331598,-73.8901136814473,Closed,Bronx,Noise - Street/Sidewalk,Noise,2026-08-09,2,2026,8,Sunday,True
2026-08-09,923,70006093,2026-08-09 23:23:38,2026-08-10 00:50:37,8,2,Loud Music/Party,Street/Sidewalk,10032,40.83750584127134,-73.94534328264774,Closed,Manhattan,Noise - Street/Sidewalk,Noise,2026-08-09,2,2026,8,Sunday,True
2026-08-09,924,70010038,2026-08-09 23:23:14,,58,1,Replacement Basket,Street,11364,40.75429665251748,-73.77268025912062,In Progress,Queens,Litter Basket Request,Other,2026-08-09,2,2026,8,Sunday,True
2026-08-09,925,70008544,2026-08-09 23:23:13,,5,1,Loud Music/Party,Club/Bar/Restaurant,11412,40.69199132548559,-73.76492335050487,In Progress,Queens,Noise - Commercial,Noise,2026-08-09,2,2026,8,Sunday,True
2026-08-09,926,70008048,2026-08-09 23:23:06,2026-08-09 23:41:14,8,4,Loud Music/Party,Street/Sidewalk,11237,40.70168117060066,-73.91597114272912,Closed,Brooklyn,Noise - Street/Sidewalk,Noise,2026-08-09,2,2026,8,Sunday,True
2026-08-09,927,70009110,2026-08-09 23:22:59,,8,3,Loud Music/Party,Street/Sidewalk,10460,40.85237929987158,-73.8826193543708,In Progress,Bronx,Noise - Street/Sidewalk,Noise,2026-08-09,2,2026,8,Sunday,True
2026-08-09,928,70009349,2026-08-09 23:22:57,2026-08-09 23:46:32,4,4,No Access,Street/Sidewalk,11206,40.69771878434557,-73.93450185366,Closed,Brooklyn,Blocked Driveway,Parking,2026-08-09,2,2026,8,Sunday,True
2026-08-09,929,70013192,2026-08-09 23:22:46,2026-08-09 23:41:51,3,4,Loud Music/Party,Residential Building/House,11203,40.65063026601269,-73.93126503417359,Closed,Brooklyn,Noise - Residential,Noise,2026-08-09,2,2026,8,Sunday,True
2026-08-09,930,70007225,2026-08-09 23:22:44,2026-08-10 00:38:02,3,1,Loud Music/Party,Residential Building/House,11419,40.68461442022546,-73.8203462565652,Closed,Queens,Noise - Residential,Noise,2026-08-09,2,2026,8,Sunday,True
2026-08-09,931,70008023,2026-08-09 23:22:29,2026-08-10 00:15:59,6,4,Blocked Bike Lane,Street/Sidewalk,11215,40.67177707257064,-73.99170146053174,Closed,Brooklyn,Illegal Parking,Parking,2026-08-09,2,2026,8,Sunday,True
2026-08-09,932,70007354,2026-08-09 23:22:07,,6,5,Commercial Overnight Parking,Street/Sidewalk,10314,40.59867073812535,-74.12982973944426,In Progress,Staten Island,Illegal Parking,Parking,2026-08-09,2,2026,8,Sunday,True
2026-08-09,933,70006129,2026-08-09 23:22:06,2026-08-10 01:44:39,8,2,Loud Music/Party,Street/Sidewalk,10040,40.85565065232475,-73.92936500506725,Closed,Manhattan,Noise - Street/Sidewalk,Noise,2026-08-09,2,2026,8,Sunday,True
2026-08-09,934,70007136,2026-08-09 23:21:58,,34,5,Branch Or Limb Has Fallen Down,Street,10312,40.52782031032848,-74.17618910736039,In Progress,Staten Island,Damaged Tree,Other,2026-08-09,2,2026,8,Sunday,True
2026-08-09,935,70007816,2026-08-09 23:21:57,,8,3,Loud Music/Party,Street/Sidewalk,10460,40.85237929987158,-73.8826193543708,In Progress,Bronx,Noise - Street/Sidewalk,Noise,2026-08-09,2,2026,8,Sunday,True
2026-08-09,936,70008674,2026-08-09 23:21:44,2026-08-10 01:44:17,18,2,Car/Truck Music,Street/Sidewalk,10034,40.86691932670686,-73.92339829762831,Closed,Manhattan,Noise - Vehicle,Noise,2026-08-09,2,2026,8,Sunday,True
2026-08-09,937,70006449,2026-08-09 23:21:38,,5,3,Loud Music/Party,Store/Commercial,10456,40.830654406191705,-73.89951482930289,In Progress,Bronx,Noise - Commercial,Noise,2026-08-09,2,2026,8,Sunday,True
2026-08-09,938,70011678,2026-08-09 23:21:29,,8,3,Loud Music/Party,Street/Sidewalk,10456,40.82692479450002,-73.91363052831288,In Progress,Bronx,Noise - Street/Sidewalk,Noise,2026-08-09,2,2026,8,Sunday,True
2026-08-09,939,70011094,2026-08-09 23:21:26,2026-08-10 01:43:48,3,1,Loud Music/Party,Residential Building/House,11429,40.70806952227292,-73.7515211116178,Closed,Queens,Noise - Residential,Noise,2026-08-09,2,2026,8,Sunday,True
2026-08-09,940,70013920,2026-08-09 23:21:05,,8,2,Loud Music/Party,Street/Sidewalk,10033,40.85126874897124,-73.92718279215555,In Progress,Manhattan,Noise - Street/Sidewalk,Noise,2026-08-09,2,2026,8,Sunday,True
2026-08-09,941,70008022,2026-08-09 23:20:59,2026-08-10 00:55:05,6,4,Blocked Bike Lane,Street/Sidewalk,11215,40.671985705435,-73.99212681716332,Closed,Brooklyn,Illegal Parking,Parking,2026-08-09,2,2026,8,Sunday,True
2026-08-09,942,70011681,2026-08-09 23:15:26,,8,3,Loud Music/Party,Street/Sidewalk,10452,40.8316087021904,-73.92766684772094,In Progress,Bronx,Noise - Street/Sidewalk,Noise,2026-08-09,2,2026,8,Sunday,True
2026-08-09,943,70006366,2026-08-09 23:20:56,2026-08-09 23:21:32,2,2,Fire Hydrant Emergency,Sidewalk,10463,40.87630080435428,-73.90847865438171,Closed,Manhattan,Water Maintenance,Infrastructure,2026-08-09,2,2026,8,Sunday,True
2026-08-09,944,70007812,2026-08-09 23:20:56,,8,3,Loud Music/Party,Street/Sidewalk,10460,40.85237929987158,-73.8826193543708,In Progress,Bronx,Noise - Street/Sidewalk,Noise,2026-08-09,2,2026,8,Sunday,True
2026-08-09,945,70013024,2026-08-09 23:20:49,,6,3,Double Parked Blocking Traffic,Street/Sidewalk,10456,40.83197053985469,-73.91872639137786,In Progress,Bronx,Illegal Parking,Parking,2026-08-09,2,2026,8,Sunday,True
2026-08-09,946,70010080,2026-08-09 23:20:39,,59,1,Trash Or Recycling Not Secure,Sidewalk,11375,40.72359961504882,-73.85422603035707,In Progress,Queens,Residential Disposal Complaint,Other,2026-08-09,2,2026,8,Sunday,True
2026-08-09,947,70004466,2026-08-09 23:20:37,,28,2,Rat Sighting,Sidewalk,10037,40.81892828920844,-73.9373487460718,In Progress,Manhattan,Rodent,Sanitation,2026-08-09,2,2026,8,Sunday,True
2026-08-09,948,70011202,2026-08-09 23:20:31,,6,1,Blocked Hydrant,Street/Sidewalk,11368,40.75745147659028,-73.85928114171574,In Progress,Queens,Illegal Parking,Parking,2026-08-09,2,2026,8,Sunday,True
2026-08-09,949,70005287,2026-08-09 23:20:26,,8,3,Loud Music/Party,Street/Sidewalk,10463,40.88035961577511,-73.904368637739,In Progress,Bronx,Noise - Street/Sidewalk,Noise,2026-08-09,2,2026,8,Sunday,True
2026-08-09,950,70013931,2026-08-09 23:20:22,2026-08-10 01:39:49,18,2,Car/Truck Music,Street/Sidewalk,10040,40.86174999228432,-73.92596744617518,Closed,Manhattan,Noise - Vehicle,Noise,2026-08-09,2,2026,8,Sunday,True
2026-08-09,951,70006766,2026-08-09 23:20:21,2026-08-09 23:52:44,3,4,Loud Music/Party,Residential Building/House,11208,40.66741351273327,-73.86035785184494,Closed,Brooklyn,Noise - Residential,Noise,2026-08-09,2,2026,8,Sunday,True
2026-08-09,952,70009968,2026-08-09 23:20:18,,8,2,Loud Music/Party,Street/Sidewalk,10040,40.86303294323245,-73.92782427929585,In Progress,Manhattan,Noise - Street/Sidewalk,Noise,2026-08-09,2,2026,8,Sunday,True
2026-08-09,953,70011113,2026-08-09 23:20:13,2026-08-10 00:37:48,21,1,Unknown,Street/Sidewalk,11419,40.685384766935634,-73.81800410177995,Closed,Queens,Illegal Fireworks,Other,2026-08-09,2,2026,8,Sunday,True
2026-08-09,954,70004839,2026-08-09 23:20:08,,52,4,Structure - Outdoors,Park,11205,40.6922855657971,-73.96211499783557,In Progress,Brooklyn,Maintenance Or Facility,Other,2026-08-09,2,2026,8,Sunday,True
2026-08-09,955,70011063,2026-08-09 23:20:01,,12,1,With License Plate,Street/Sidewalk,11421,40.69136135417963,-73.86467094423375,In Progress,Queens,Abandoned Vehicle,Vehicle,2026-08-09,2,2026,8,Sunday,True
2026-08-09,956,70005510,2026-08-09 23:19:51,2026-08-10 00:08:43,8,4,Loud Talking,Street/Sidewalk,11201,40.69453580646062,-73.9832710401492,Closed,Brooklyn,Noise - Street/Sidewalk,Noise,2026-08-09,2,2026,8,Sunday,True
2026-08-09,957,70009753,2026-08-09 23:19:45,2026-08-10 01:16:16,18,1,Car/Truck Music,Street/Sidewalk,11385,40.70241716982845,-73.9092691809,Closed,Queens,Noise - Vehicle,Noise,2026-08-09,2,2026,8,Sunday,True
2026-08-09,958,70003902,2026-08-09 23:19:41,,8,3,Loud Music/Party,Street/Sidewalk,10460,40.85237929987158,-73.8826193543708,In Progress,Bronx,Noise - Street/Sidewalk,Noise,2026-08-09,2,2026,8,Sunday,True
2026-08-09,959,70005213,2026-08-09 23:19:39,2026-08-09 23:22:51,8,3,Loud Music/Party,Street/Sidewalk,10457,40.84825845829965,-73.90538708740995,Closed,Bronx,Noise - Street/Sidewalk,Noise,2026-08-09,2,2026,8,Sunday,True
2026-08-09,960,70011856,2026-08-09 23:19:36,,6,4,Blocked Hydrant,Street/Sidewalk,11228,40.62056792448903,-74.00170021961156,In Progress,Brooklyn,Illegal Parking,Parking,2026-08-09,2,2026,8,Sunday,True
2026-08-09,961,70013287,2026-08-09 23:19:35,2026-08-10 00:54:43,6,4,Blocked Bike Lane,Street/Sidewalk,11215,40.671985705435,-73.99212681716332,Closed,Brooklyn,Illegal Parking,Parking,2026-08-09,2,2026,8,Sunday,True
2026-08-09,962,70013209,2026-08-09 23:19:28,2026-08-10 00:56:17,21,4,Unknown,Bridge,Unknown,,,Closed,Brooklyn,Illegal Fireworks,Other,2026-08-09,2,2026,8,Sunday,True
2026-08-09,963,70004508,2026-08-09 23:19:23,2026-08-10 00:02:33,8,4,Loud Music/Party,Street/Sidewalk,11231,40.675323492489305,-74.00545093782816,Closed,Brooklyn,Noise - Street/Sidewalk,Noise,2026-08-09,2,2026,8,Sunday,True
2026-08-09,964,70004058,2026-08-09 23:19:21,2026-08-09 23:59:32,30,4,Loud Talking,Park/Playground,11236,40.6297899618627,-73.89589396882197,Closed,Brooklyn,Noise - Park,Noise,2026-08-09,2,2026,8,Sunday,True
2026-08-09,965,70004960,2026-08-09 23:19:11,2026-08-10 01:33:20,6,1,Blocked Sidewalk,Street/Sidewalk,11413,40.6699641237513,-73.7542621626828,Closed,Queens,Illegal Parking,Parking,2026-08-09,2,2026,8,Sunday,True
2026-08-09,966,70008200,2026-08-09 23:19:08,,55,2,Pests,RESIDENTIAL BUILDING,10019,40.76440174752678,-73.99197871493637,Open,Manhattan,Unsanitary Condition,Other,2026-08-09,2,2026,8,Sunday,True
2026-08-09,967,70010883,2026-08-09 23:19:08,,60,4,Ceiling,RESIDENTIAL BUILDING,11218,40.6336075438276,-73.97109061843709,Open,Brooklyn,Paint/Plaster,Other,2026-08-09,2,2026,8,Sunday,True
2026-08-09,968,70009488,2026-08-09 23:19:08,,53,4,Damp Spot,RESIDENTIAL BUILDING,11218,40.6336075438276,-73.97109061843709,Open,Brooklyn,Water Leak,Infrastructure,2026-08-09,2,2026,8,Sunday,True
2026-08-09,969,70004813,2026-08-09 23:19:00,2026-08-10 01:44:56,8,2,Loud Music/Party,Street/Sidewalk,10033,40.850695290541566,-73.92747620447273,Closed,Manhattan,Noise - Street/Sidewalk,Noise,2026-08-09,2,2026,8,Sunday,True
2026-08-09,970,70004694,2026-08-09 23:18:52,,3,1,Loud Music/Party,Residential Building/House,11377,40.757194059878245,-73.8991022643995,In Progress,Queens,Noise - Residential,Noise,2026-08-09,2,2026,8,Sunday,True
2026-08-09,971,70004570,2026-08-09 23:18:46,2026-08-10 00:05:10,4,1,No Access,Street/Sidewalk,11432,40.70896778709362,-73.79203462662724,Closed,Queens,Blocked Driveway,Parking,2026-08-09,2,2026,8,Sunday,True
2026-08-09,972,70007262,2026-08-09 23:18:41,,3,1,Loud Music/Party,Residential Building/House,11356,40.78997281129045,-73.84555435027623,In Progress,Queens,Noise - Residential,Noise,2026-08-09,2,2026,8,Sunday,True
2026-08-09,973,70011753,2026-08-09 23:18:28,,8,3,Loud Music/Party,Street/Sidewalk,10460,40.85237929987158,-73.8826193543708,In Progress,Bronx,Noise - Street/Sidewalk,Noise,2026-08-09,2,2026,8,Sunday,True
2026-08-09,974,70003947,2026-08-09 23:18:27,2026-08-10 01:21:40,8,3,Loud Music/Party,Street/Sidewalk,10463,40.87828005027555,-73.90218025744798,Closed,Bronx,Noise - Street/Sidewalk,Noise,2026-08-09,2,2026,8,Sunday,True
2026-08-09,975,70008496,2026-08-09 23:18:13,2026-08-10 00:46:51,6,1,Blocked Hydrant,Street/Sidewalk,11377,40.73967501929911,-73.9064326044222,Closed,Queens,Illegal Parking,Parking,2026-08-09,2,2026,8,Sunday,True
2026-08-09,976,70008528,2026-08-09 23:18:06,,6,1,Blocked Hydrant,Street/Sidewalk,11364,40.74499875364195,-73.75719731925227,In Progress,Queens,Illegal Parking,Parking,2026-08-09,2,2026,8,Sunday,True
2026-08-09,977,70006603,2026-08-09 23:18:02,,6,3,Posted Parking Sign Violation,Street/Sidewalk,10463,40.87810908194954,-73.90124393514759,In Progress,Bronx,Illegal Parking,Parking,2026-08-09,2,2026,8,Sunday,True
2026-08-09,978,70012584,2026-08-09 23:18:02,2026-08-10 00:33:06,3,2,Banging/Pounding,Residential Building/House,10025,40.80311149230423,-73.9660287760815,Closed,Manhattan,Noise - Residential,Noise,2026-08-09,2,2026,8,Sunday,True
2026-08-09,979,70004667,2026-08-09 23:17:33,,8,1,Loud Music/Party,Street/Sidewalk,11364,40.73882229624557,-73.76343377925627,In Progress,Queens,Noise - Street/Sidewalk,Noise,2026-08-09,2,2026,8,Sunday,True
2026-08-09,980,70007754,2026-08-09 23:17:27,2026-08-10 00:33:08,6,3,Blocked Hydrant,Street/Sidewalk,10473,40.81689004329366,-73.8581113631201,Closed,Bronx,Illegal Parking,Parking,2026-08-09,2,2026,8,Sunday,True
2026-08-09,981,70012998,2026-08-09 23:17:20,,18,3,Car/Truck Music,Street/Sidewalk,10456,40.829390053826,-73.91068957959006,In Progress,Bronx,Noise - Vehicle,Noise,2026-08-09,2,2026,8,Sunday,True
2026-08-09,982,70008495,2026-08-09 23:17:13,2026-08-10 00:35:19,6,1,Blocked Hydrant,Street/Sidewalk,11377,40.748535067290966,-73.89989133153107,Closed,Queens,Illegal Parking,Parking,2026-08-09,2,2026,8,Sunday,True
2026-08-09,983,70008462,2026-08-09 23:17:05,2026-08-10 01:35:45,3,1,Loud Music/Party,Residential Building/House,11428,40.72598804657487,-73.74183931779294,Closed,Queens,Noise - Residential,Noise,2026-08-09,2,2026,8,Sunday,True
2026-08-09,984,70008029,2026-08-09 23:16:48,2026-08-10 00:55:28,6,4,Blocked Sidewalk,Street/Sidewalk,11215,40.67105488518062,-73.98814713189905,Closed,Brooklyn,Illegal Parking,Parking,2026-08-09,2,2026,8,Sunday,True
2026-08-09,985,70011813,2026-08-09 23:16:45,2026-08-10 01:10:43,4,3,Partial Access,Street/Sidewalk,10463,40.88671920594524,-73.90454393510552,Closed,Bronx,Blocked Driveway,Parking,2026-08-09,2,2026,8,Sunday,True
2026-08-09,986,70011584,2026-08-09 23:16:32,2026-08-09 23:17:07,2,1,Fire Hydrant Emergency,Sidewalk,11368,40.75179104903835,-73.86791562161241,Closed,Queens,Water Maintenance,Infrastructure,2026-08-09,2,2026,8,Sunday,True
2026-08-09,987,70010654,2026-08-09 23:16:19,2026-08-09 23:58:37,8,4,Loud Music/Party,Street/Sidewalk,11221,40.69467739188319,-73.91344122894655,Closed,Brooklyn,Noise - Street/Sidewalk,Noise,2026-08-09,2,2026,8,Sunday,True
2026-08-09,988,70009860,2026-08-09 23:16:09,,3,1,Banging/Pounding,Residential Building/House,11105,40.78517109060788,-73.9160752175671,In Progress,Queens,Noise - Residential,Noise,2026-08-09,2,2026,8,Sunday,True
2026-08-09,989,70003935,2026-08-09 23:16:07,,18,3,Car/Truck Music,Street/Sidewalk,10463,40.87788917541197,-73.91095711455176,In Progress,Bronx,Noise - Vehicle,Noise,2026-08-09,2,2026,8,Sunday,True
2026-08-09,990,70008991,2026-08-09 23:16:07,,45,2,Cave-In,Highway,Unknown,,,In Progress,Manhattan,Highway Condition,Other,2026-08-09,2,2026,8,Sunday,True
2026-08-09,991,70006555,2026-08-09 23:16:06,,8,3,Loud Music/Party,Street/Sidewalk,10458,40.85442652936631,-73.88230486613621,In Progress,Bronx,Noise - Street/Sidewalk,Noise,2026-08-09,2,2026,8,Sunday,True
2026-08-09,992,70004799,2026-08-09 23:15:55,,4,2,No Access,Street/Sidewalk,10033,40.85116054872476,-73.93440497927459,In Progress,Manhattan,Blocked Driveway,Parking,2026-08-09,2,2026,8,Sunday,True
2026-08-09,993,70010370,2026-08-09 23:15:52,2026-08-10 00:16:03,8,3,Loud Music/Party,Street/Sidewalk,10452,40.84588908532044,-73.91508056543245,Closed,Bronx,Noise - Street/Sidewalk,Noise,2026-08-09,2,2026,8,Sunday,True
2026-08-09,994,70007770,2026-08-09 23:15:37,2026-08-09 23:49:24,5,3,Loud Music/Party,Store/Commercial,10452,40.84350960644517,-73.91532937084969,Closed,Bronx,Noise - Commercial,Noise,2026-08-09,2,2026,8,Sunday,True
2026-08-09,995,70012337,2026-08-09 23:15:25,2026-08-09 23:28:32,3,4,Loud Music/Party,Residential Building/House,11233,40.68181977326432,-73.92349915318194,Closed,Brooklyn,Noise - Residential,Noise,2026-08-09,2,2026,8,Sunday,True
2026-08-09,996,70012973,2026-08-09 23:15:16,,14,1,Odor,Sewer,11419,40.693738533908295,-73.81205283548493,In Progress,Queens,Sewer Maintenance,Other,2026-08-09,2,2026,8,Sunday,True
2026-08-09,997,70009114,2026-08-09 23:15:13,2026-08-10 00:38:03,8,3,Loud Music/Party,Street/Sidewalk,10460,40.85230218315347,-73.88235923111634,Closed,Bronx,Noise - Street/Sidewalk,Noise,2026-08-09,2,2026,8,Sunday,True
2026-08-09,998,70011632,2026-08-09 23:14:59,2026-08-09 23:15:33,2,2,Fire Hydrant Emergency,Sidewalk,10026,40.80310619222663,-73.95824844752444,Closed,Manhattan,Water Maintenance,Infrastructure,2026-08-09,2,2026,8,Sunday,True
2026-08-09,999,70013804,2026-08-09 23:14:43,,6,1,Commercial Overnight Parking,Street/Sidewalk,11436,40.670314366872695,-73.79427480558154,In Progress,Queens,Illegal Parking,Parking,2026-08-09,2,2026,8,Sunday,True
2026-08-09,1000,70012353,2026-08-09 23:14:39,2026-08-09 23:44:15,3,1,Banging/Pounding,Residential Building/House,11101,40.75578044551614,-73.9430750123803,Closed,Queens,Noise - Residential,Noise,2026-08-09,2,2026,8,Sunday,True
